id,lkp_id,nama_kelas,link,peserta,lulusan,status,program_keterampilan
K-MOODLE-1089,LKP-71a2faa541,Pelatihan Cleaning Service Profesional,https://kursusdaring.kemendikdasmen.go.id/course/view.php?id=1089,129,0,Sudah Berjalan,
K-MOODLE-387,LKP-71a2faa541,Pelatihan Meracik Minuman Kopi Menjadi Barista Profesional,https://kursusdaring.kemendikdasmen.go.id/course/view.php?id=387,37,0,Sudah Berjalan,
K-MOODLE-794,LKP-71a2faa541,Hazard Analysis and Critical Control Point (HACCP) for Food Handler,https://kursusdaring.kemendikdasmen.go.id/course/view.php?id=794,754,0,Sudah Berjalan,
K-MOODLE-395,LKP-834c26d027,Menjadi Room Attendant Profesional Di Hotel Berbintang,https://kursusdaring.kemendikdasmen.go.id/course/view.php?id=395,2,0,Sudah Berjalan,
K-MOODLE-847,LKP-65a59213b3,kursusbaru,https://kursusdaring.kemendikdasmen.go.id/course/view.php?id=847,4,0,Sudah Berjalan,
K-MOODLE-1067,LKP-31e4f395aa,Kursus Baru LKP Tisa Surakarta,https://kursusdaring.kemendikdasmen.go.id/course/view.php?id=1067,1,0,Sudah Berjalan,
K-MOODLE-830,LKP-d5ed05ebff,kursus baru,https://kursusdaring.kemendikdasmen.go.id/course/view.php?id=830,2,0,Sudah Berjalan,
K-MOODLE-2057,LKP-53ae7cef14,Digital marketing untuk pemula - Cakra,https://kursusdaring.kemendikdasmen.go.id/course/view.php?id=2057,2,0,Sudah Berjalan,
K-MOODLE-759,LKP-1d78b6b42e,kursus baru,https://kursusdaring.kemendikdasmen.go.id/course/view.php?id=759,2,0,Sudah Berjalan,
K-MOODLE-471,LKP-f9dfd0c409,kursus baru,https://kursusdaring.kemendikdasmen.go.id/course/view.php?id=471,2,0,Sudah Berjalan,
K-MOODLE-426,LKP-784a844d6f,Kursus Tata Rias Pengantin Solo Putri,https://kursusdaring.kemendikdasmen.go.id/course/view.php?id=426,7,0,Sudah Berjalan,
K-MOODLE-1263,LKP-7938db2e95,Public speaking Probest,https://kursusdaring.kemendikdasmen.go.id/course/view.php?id=1263,2,0,Sudah Berjalan,
K-MOODLE-1231,LKP-c249773767,Aplikasi Perkantoran Profesional,https://kursusdaring.kemendikdasmen.go.id/course/view.php?id=1231,2,0,Sudah Berjalan,
K-MOODLE-1250,LKP-c249773767,Akuntansi Dasar,https://kursusdaring.kemendikdasmen.go.id/course/view.php?id=1250,2,0,Sudah Berjalan,
K-MOODLE-2028,LKP-c249773767,LKP Politeknik Indonesia Internasional,https://kursusdaring.kemendikdasmen.go.id/course/view.php?id=2028,2,0,Sudah Berjalan,
K-MOODLE-2101,LKP-c249773767,Pemograman Dasar,https://kursusdaring.kemendikdasmen.go.id/course/view.php?id=2101,2,0,Sudah Berjalan,
K-MOODLE-1385,LKP-0554b431d1,Fashion Ilustration  Arva School of Fashion,https://kursusdaring.kemendikdasmen.go.id/course/view.php?id=1385,1,0,Sudah Berjalan,
K-MOODLE-1113,LKP-6ffe0c4bc3,Kursus Tata Kecantikan Kulit Dasar,https://kursusdaring.kemendikdasmen.go.id/course/view.php?id=1113,9,0,Sudah Berjalan,
K-MOODLE-704,LKP-6ffe0c4bc3,Tehnologi Kecantikan Tepat Guna Kulit Indonesia,https://kursusdaring.kemendikdasmen.go.id/course/view.php?id=704,17,0,Sudah Berjalan,
K-MOODLE-554,LKP-bdf2cdb127,kursus baru,https://kursusdaring.kemendikdasmen.go.id/course/view.php?id=554,2,0,Sudah Berjalan,
K-MOODLE-760,LKP-fe658e77d3,Kursus Public Speaking,https://kursusdaring.kemendikdasmen.go.id/course/view.php?id=760,2,0,Sudah Berjalan,
K-MOODLE-640,LKP-52b6ac9bbb,TEKNIK MEMBATIK TULIS 2022,https://kursusdaring.kemendikdasmen.go.id/course/view.php?id=640,3,0,Sudah Berjalan,
K-MOODLE-828,LKP-353abd964f,Kursus Bahasa Indonesia,https://kursusdaring.kemendikdasmen.go.id/course/view.php?id=828,2,0,Sudah Berjalan,
K-MOODLE-805,LKP-5ea8064f05,kursus baru,https://kursusdaring.kemendikdasmen.go.id/course/view.php?id=805,2,0,Sudah Berjalan,
K-MOODLE-809,LKP-d528b80684,kursus baru,https://kursusdaring.kemendikdasmen.go.id/course/view.php?id=809,2,0,Sudah Berjalan,
K-MOODLE-832,LKP-b2028cb600,kursus baru,https://kursusdaring.kemendikdasmen.go.id/course/view.php?id=832,2,0,Sudah Berjalan,
K-MOODLE-1375,LKP-518d58be80,"LKP Trisakti K3, Pelayanan Prima dan Bekerja dalam Tim",https://kursusdaring.kemendikdasmen.go.id/course/view.php?id=1375,1,0,Sudah Berjalan,
K-MOODLE-2105,LKP-eea6c7161f,Cake Product,https://kursusdaring.kemendikdasmen.go.id/course/view.php?id=2105,1,0,Sudah Berjalan,
K-MOODLE-520,LKP-eea6c7161f,Bakery Product,https://kursusdaring.kemendikdasmen.go.id/course/view.php?id=520,39,0,Sudah Berjalan,
K-MOODLE-557,LKP-9a509ca553,Teknik Pengukuran dengan Avometer untuk Service Handphone,https://kursusdaring.kemendikdasmen.go.id/course/view.php?id=557,19,0,Sudah Berjalan,
K-MOODLE-715,LKP-a9380777b7,kursus baru,https://kursusdaring.kemendikdasmen.go.id/course/view.php?id=715,2,0,Sudah Berjalan,
K-MOODLE-546,LKP-ee80b456b3,Manajemen Usaha Kecil,https://kursusdaring.kemendikdasmen.go.id/course/view.php?id=546,28,0,Sudah Berjalan,
K-MOODLE-834,LKP-ee80b456b3,Origami Fabric,https://kursusdaring.kemendikdasmen.go.id/course/view.php?id=834,6,0,Sudah Berjalan,
K-MOODLE-826,LKP-b3beb5dbc3,Kursus Baru,https://kursusdaring.kemendikdasmen.go.id/course/view.php?id=826,2,0,Sudah Berjalan,
K-MOODLE-831,LKP-6278948c3f,Lembaga Indonesia Spanyol,https://kursusdaring.kemendikdasmen.go.id/course/view.php?id=831,1,0,Sudah Berjalan,
K-MOODLE-645,LKP-7cb7a6cc7f,kursus baru,https://kursusdaring.kemendikdasmen.go.id/course/view.php?id=645,2,0,Sudah Berjalan,
K-MOODLE-1267,LKP-227969fb38,SPA LKP DENDE,https://kursusdaring.kemendikdasmen.go.id/course/view.php?id=1267,2,0,Sudah Berjalan,
K-MOODLE-1238,LKP-b49619b6f6,LKP P4M Mataram,https://kursusdaring.kemendikdasmen.go.id/course/view.php?id=1238,2,0,Sudah Berjalan,
K-MOODLE-675,LKP-b49619b6f6,Mahir Menggunakan Aplikasi CorelDraw,https://kursusdaring.kemendikdasmen.go.id/course/view.php?id=675,2,0,Sudah Berjalan,
K-MOODLE-682,LKP-e668500cfc,kursus baru,https://kursusdaring.kemendikdasmen.go.id/course/view.php?id=682,1,0,Sudah Berjalan,
K-MOODLE-503,LKP-612a0f8a2e,ADMINISTRASI PERKANTORAN,https://kursusdaring.kemendikdasmen.go.id/course/view.php?id=503,3,0,Sudah Berjalan,
K-MOODLE-1048,LKP-d055eba05d,Bimbingan Belajar SKD CPNS - LKP ISQ School,https://kursusdaring.kemendikdasmen.go.id/course/view.php?id=1048,1,0,Sudah Berjalan,
K-MOODLE-470,LKP-d055eba05d,Kursus Komputer (Microsoft Word),https://kursusdaring.kemendikdasmen.go.id/course/view.php?id=470,3,0,Sudah Berjalan,
K-MOODLE-399,LKP-08f3454a8f,kursus baru,https://kursusdaring.kemendikdasmen.go.id/course/view.php?id=399,2,0,Sudah Berjalan,
K-MOODLE-421,LKP-2ecf82d248,kursus baru,https://kursusdaring.kemendikdasmen.go.id/course/view.php?id=421,2,0,Sudah Berjalan,
K-MOODLE-329,LKP-eea917f4c5,Kursus Komputer Aplikasi Perkantoran Level 3,https://kursusdaring.kemendikdasmen.go.id/course/view.php?id=329,2,0,Sudah Berjalan,
K-MOODLE-681,LKP-c3c9976d72,kursus baru,https://kursusdaring.kemendikdasmen.go.id/course/view.php?id=681,2,0,Sudah Berjalan,
K-MOODLE-1520,LKP-4ee28ff3ce,Menjahit busana pria dan wanita LKP Modesty NIA,https://kursusdaring.kemendikdasmen.go.id/course/view.php?id=1520,2,0,Sudah Berjalan,
K-MOODLE-489,LKP-18ff4f2b18,kursus baru,https://kursusdaring.kemendikdasmen.go.id/course/view.php?id=489,2,0,Sudah Berjalan,
K-MOODLE-841,LKP-168c234bcb,LKP TRIYO,https://kursusdaring.kemendikdasmen.go.id/course/view.php?id=841,3,0,Sudah Berjalan,
K-MOODLE-533,LKP-44327015b0,Program Basic,https://kursusdaring.kemendikdasmen.go.id/course/view.php?id=533,1,0,Sudah Berjalan,
K-MOODLE-451,LKP-0d878b3bba,Kursus Tata Kecantikan Rambut,https://kursusdaring.kemendikdasmen.go.id/course/view.php?id=451,2,0,Sudah Berjalan,
K-MOODLE-488,LKP-f2d7c6c3ee,kursus baru,https://kursusdaring.kemendikdasmen.go.id/course/view.php?id=488,2,0,Sudah Berjalan,
K-MOODLE-612,LKP-a081757a49,kursus baru,https://kursusdaring.kemendikdasmen.go.id/course/view.php?id=612,1,0,Sudah Berjalan,
K-MOODLE-603,LKP-984da56dbc,"Seri Office Basic: ""Kuasai Word dan Excel untuk Kerja""",https://kursusdaring.kemendikdasmen.go.id/course/view.php?id=603,2,0,Sudah Berjalan,
K-MOODLE-807,LKP-7c1afa42f1,kursus baru,https://kursusdaring.kemendikdasmen.go.id/course/view.php?id=807,2,0,Sudah Berjalan,
K-MOODLE-438,LKP-d6a77ad8aa,kursus baru,https://kursusdaring.kemendikdasmen.go.id/course/view.php?id=438,2,0,Sudah Berjalan,
K-MOODLE-439,LKP-5ab233c817,kursus baru,https://kursusdaring.kemendikdasmen.go.id/course/view.php?id=439,2,0,Sudah Berjalan,
K-MOODLE-401,LKP-c32bbd0b5d,kursus baru,https://kursusdaring.kemendikdasmen.go.id/course/view.php?id=401,2,0,Sudah Berjalan,
K-MOODLE-420,LKP-72a033da2a,Komputer Aplikasi Perkantoran,https://kursusdaring.kemendikdasmen.go.id/course/view.php?id=420,1,0,Sudah Berjalan,
K-MOODLE-1103,LKP-a251b9fe26,Perawatan Sepeda Motor Injeksi,https://kursusdaring.kemendikdasmen.go.id/course/view.php?id=1103,2,0,Sudah Berjalan,
K-MOODLE-1747,LKP-a251b9fe26,Teknik Merawat Sepeda Motor Matic,https://kursusdaring.kemendikdasmen.go.id/course/view.php?id=1747,5,0,Sudah Berjalan,
K-MOODLE-2066,LKP-a251b9fe26,Perawatan Sistem Kelistrikan Sepeda Motor,https://kursusdaring.kemendikdasmen.go.id/course/view.php?id=2066,2,0,Sudah Berjalan,
K-MOODLE-2067,LKP-a251b9fe26,Perawatan Sepeda Motor Injeksi,https://kursusdaring.kemendikdasmen.go.id/course/view.php?id=2067,1,0,Sudah Berjalan,
K-MOODLE-2068,LKP-a251b9fe26,Teknik Memasarkan Produk di Marketplace,https://kursusdaring.kemendikdasmen.go.id/course/view.php?id=2068,2,0,Sudah Berjalan,
K-MOODLE-2069,LKP-a251b9fe26,Perawatan Sepeda Motor Listrik,https://kursusdaring.kemendikdasmen.go.id/course/view.php?id=2069,2,0,Sudah Berjalan,
K-MOODLE-2070,LKP-a251b9fe26,20 Point Service Ringan Sepeda Motor,https://kursusdaring.kemendikdasmen.go.id/course/view.php?id=2070,2,0,Sudah Berjalan,
K-MOODLE-2071,LKP-a251b9fe26,Mengoperasikan Ms. Office Admin Perkantoran,https://kursusdaring.kemendikdasmen.go.id/course/view.php?id=2071,2,0,Sudah Berjalan,
K-MOODLE-2072,LKP-a251b9fe26,Mengelola Data Ms. Excel,https://kursusdaring.kemendikdasmen.go.id/course/view.php?id=2072,2,0,Sudah Berjalan,
K-MOODLE-2073,LKP-a251b9fe26,Mengoptimalkan Pemasaran Produk Barang dan Jasa,https://kursusdaring.kemendikdasmen.go.id/course/view.php?id=2073,2,0,Sudah Berjalan,
K-MOODLE-2078,LKP-a251b9fe26,Digital Marketing untuk UMKM Berkelanjutan,https://kursusdaring.kemendikdasmen.go.id/course/view.php?id=2078,2,0,Sudah Berjalan,
K-MOODLE-611,LKP-1f47c03a03,TATA RIAS KECANTIKAN,https://kursusdaring.kemendikdasmen.go.id/course/view.php?id=611,2,0,Sudah Berjalan,
K-MOODLE-1043,LKP-35e4244e49,kursusbaru,https://kursusdaring.kemendikdasmen.go.id/course/view.php?id=1043,2,0,Sudah Berjalan,
K-MOODLE-758,LKP-b433ce6f48,kursus baru,https://kursusdaring.kemendikdasmen.go.id/course/view.php?id=758,2,0,Sudah Berjalan,
K-MOODLE-349,LKP-42ea65e0b3,kursus baru,https://kursusdaring.kemendikdasmen.go.id/course/view.php?id=349,2,0,Sudah Berjalan,
K-MOODLE-352,LKP-36fca71c1d,kursus baru,https://kursusdaring.kemendikdasmen.go.id/course/view.php?id=352,2,0,Sudah Berjalan,
K-MOODLE-2125,LKP-c1d698a1f0,Pembuatan Rok LK Fan College banyumas,https://kursusdaring.kemendikdasmen.go.id/course/view.php?id=2125,1,0,Sudah Berjalan,
K-MOODLE-534,LKP-a710cad6d1,kursus baru,https://kursusdaring.kemendikdasmen.go.id/course/view.php?id=534,2,0,Sudah Berjalan,
K-MOODLE-476,LKP-362d33ca5e,kursus baru,https://kursusdaring.kemendikdasmen.go.id/course/view.php?id=476,2,0,Sudah Berjalan,
K-MOODLE-785,LKP-d784422c93,kursus baru,https://kursusdaring.kemendikdasmen.go.id/course/view.php?id=785,2,0,Sudah Berjalan,
K-MOODLE-483,LKP-17a864d483,kursus baru,https://kursusdaring.kemendikdasmen.go.id/course/view.php?id=483,2,0,Sudah Berjalan,
K-MOODLE-494,LKP-99ce99b11e,Coffe & Service Excellence Class,https://kursusdaring.kemendikdasmen.go.id/course/view.php?id=494,20,0,Sudah Berjalan,
K-MOODLE-881,LKP-99ce99b11e,"Speak with Confidence, Learn with Passion!",https://kursusdaring.kemendikdasmen.go.id/course/view.php?id=881,46,0,Sudah Berjalan,
K-MOODLE-882,LKP-99ce99b11e,The Hospitality Excellence Class,https://kursusdaring.kemendikdasmen.go.id/course/view.php?id=882,6,0,Sudah Berjalan,
K-MOODLE-4,LKP-66f83e1a28,Mensetsu Bahasa Jepang,https://kursusdaring.kemendikdasmen.go.id/course/view.php?id=4,17,0,Sudah Berjalan,
K-MOODLE-457,LKP-66f83e1a28,Level 1 - Bahasa Jepang,https://kursusdaring.kemendikdasmen.go.id/course/view.php?id=457,121,0,Sudah Berjalan,
K-MOODLE-460,LKP-66f83e1a28,Level 2 - Bahasa Jepang,https://kursusdaring.kemendikdasmen.go.id/course/view.php?id=460,111,0,Sudah Berjalan,
K-MOODLE-461,LKP-66f83e1a28,Level 3 - Bahasa Jepang,https://kursusdaring.kemendikdasmen.go.id/course/view.php?id=461,73,0,Sudah Berjalan,
K-MOODLE-462,LKP-66f83e1a28,Level 4 - Bahasa Jepang,https://kursusdaring.kemendikdasmen.go.id/course/view.php?id=462,41,0,Sudah Berjalan,
K-MOODLE-463,LKP-66f83e1a28,Level 5 - Bahasa Jepang,https://kursusdaring.kemendikdasmen.go.id/course/view.php?id=463,27,0,Sudah Berjalan,
K-MOODLE-5,LKP-66f83e1a28,Bahasa Jepang Dasar,https://kursusdaring.kemendikdasmen.go.id/course/view.php?id=5,822,0,Sudah Berjalan,
K-MOODLE-6,LKP-66f83e1a28,Bahasa Korea Dasar,https://kursusdaring.kemendikdasmen.go.id/course/view.php?id=6,1535,0,Sudah Berjalan,
K-MOODLE-843,LKP-66f83e1a28,PRA KELAS - Bahasa Korea Persiapan Kerja Korea,https://kursusdaring.kemendikdasmen.go.id/course/view.php?id=843,195,0,Sudah Berjalan,
K-MOODLE-856,LKP-66f83e1a28,Level 1 - Bahasa Korea,https://kursusdaring.kemendikdasmen.go.id/course/view.php?id=856,93,0,Sudah Berjalan,
K-MOODLE-857,LKP-66f83e1a28,Level 2- Bahasa Korea,https://kursusdaring.kemendikdasmen.go.id/course/view.php?id=857,26,0,Sudah Berjalan,
K-MOODLE-858,LKP-66f83e1a28,Level 3 - Bahasa Korea,https://kursusdaring.kemendikdasmen.go.id/course/view.php?id=858,20,0,Sudah Berjalan,
K-MOODLE-859,LKP-66f83e1a28,Level 4 - bahasa Korea,https://kursusdaring.kemendikdasmen.go.id/course/view.php?id=859,12,0,Sudah Berjalan,
K-MOODLE-860,LKP-66f83e1a28,Level 5 - Bahasa Korea,https://kursusdaring.kemendikdasmen.go.id/course/view.php?id=860,9,0,Sudah Berjalan,
K-MOODLE-861,LKP-66f83e1a28,Level 6 - Bahasa Korea,https://kursusdaring.kemendikdasmen.go.id/course/view.php?id=861,8,0,Sudah Berjalan,
K-MOODLE-862,LKP-66f83e1a28,Level 7 - Bahasa Korea,https://kursusdaring.kemendikdasmen.go.id/course/view.php?id=862,7,0,Sudah Berjalan,
K-MOODLE-863,LKP-66f83e1a28,Level 8 - Bahasa Korea,https://kursusdaring.kemendikdasmen.go.id/course/view.php?id=863,10,0,Sudah Berjalan,
K-MOODLE-531,LKP-407fda0850,kursus baru,https://kursusdaring.kemendikdasmen.go.id/course/view.php?id=531,2,0,Sudah Berjalan,
K-MOODLE-1102,LKP-810b158027,MICROSOFT OFFICE DASAR  SEBAGAI LANGKAH AWAL JADI PROFESIONAL LKP Dita Computer,https://kursusdaring.kemendikdasmen.go.id/course/view.php?id=1102,3,0,Sudah Berjalan,
K-MOODLE-657,LKP-810b158027,DESAIN LABEL PRODUK DENGAN PHOTOSHOP,https://kursusdaring.kemendikdasmen.go.id/course/view.php?id=657,12,0,Sudah Berjalan,
K-MOODLE-709,LKP-810b158027,EDITING VIDEO MENGGUNAKAN VN (VlogNow),https://kursusdaring.kemendikdasmen.go.id/course/view.php?id=709,16,0,Sudah Berjalan,
K-MOODLE-360,LKP-57f8fe1318,Operator Komputer Perkantoran,https://kursusdaring.kemendikdasmen.go.id/course/view.php?id=360,2,0,Sudah Berjalan,
K-MOODLE-502,LKP-476f8d62a7,Belajar Mengukur Busana,https://kursusdaring.kemendikdasmen.go.id/course/view.php?id=502,2,0,Sudah Berjalan,
K-MOODLE-1377,LKP-e068d3cdcc,Tata Kecantikan Rambut LKP Prima Kendari,https://kursusdaring.kemendikdasmen.go.id/course/view.php?id=1377,2,0,Sudah Berjalan,
K-MOODLE-1042,LKP-cd9e9b4591,Operator Komputer Madya - ELTIBIZ,https://kursusdaring.kemendikdasmen.go.id/course/view.php?id=1042,2,0,Sudah Berjalan,
K-MOODLE-555,LKP-c285a15410,kursus baru,https://kursusdaring.kemendikdasmen.go.id/course/view.php?id=555,2,0,Sudah Berjalan,
K-MOODLE-765,LKP-404de7d2a1,kursus baru,https://kursusdaring.kemendikdasmen.go.id/course/view.php?id=765,2,0,Sudah Berjalan,
K-MOODLE-780,LKP-31ceb19ebd,kursus baru,https://kursusdaring.kemendikdasmen.go.id/course/view.php?id=780,2,0,Sudah Berjalan,
K-MOODLE-431,LKP-8080e577ce,“Practical Office Advance: Kuasai Skill Perkantoran Profesional di Era Digital”,https://kursusdaring.kemendikdasmen.go.id/course/view.php?id=431,2,0,Sudah Berjalan,
K-MOODLE-389,LKP-6824e93810,WEB APLIKASI TEPAT GUNA (Pelangi Nusa Jaya),https://kursusdaring.kemendikdasmen.go.id/course/view.php?id=389,21,0,Sudah Berjalan,
K-MOODLE-364,LKP-dc7522e308,Videodroid sebagai Alternatif Pembuatan Video Pembelajaran,https://kursusdaring.kemendikdasmen.go.id/course/view.php?id=364,1,0,Sudah Berjalan,
K-MOODLE-366,LKP-3e4d40d48a,kursus baru,https://kursusdaring.kemendikdasmen.go.id/course/view.php?id=366,2,0,Sudah Berjalan,
K-MOODLE-590,LKP-950a5eb019,kursus baru,https://kursusdaring.kemendikdasmen.go.id/course/view.php?id=590,2,0,Sudah Berjalan,
K-MOODLE-365,LKP-454782b195,kursus baru,https://kursusdaring.kemendikdasmen.go.id/course/view.php?id=365,2,0,Sudah Berjalan,
K-MOODLE-1045,LKP-a9000f4ea2,kursusbaru,https://kursusdaring.kemendikdasmen.go.id/course/view.php?id=1045,2,0,Sudah Berjalan,
K-MOODLE-2029,LKP-da73316683,"Tata Busana, Menjahit Garmen LKP Novita",https://kursusdaring.kemendikdasmen.go.id/course/view.php?id=2029,1,0,Sudah Berjalan,
K-MOODLE-1261,LKP-d25107ef53,LKP English Young Generation,https://kursusdaring.kemendikdasmen.go.id/course/view.php?id=1261,1,0,Sudah Berjalan,
K-MOODLE-2281,LKP-9f0ad22252,Desain Grafis Berbasis Artificial Intelligence (AI) : Menciptakan Desain Kreatif dengan Teknologi AI,https://kursusdaring.kemendikdasmen.go.id/course/view.php?id=2281,3,0,Sudah Berjalan,
K-MOODLE-630,LKP-9f0ad22252,Teknik Elektronika Dasar,https://kursusdaring.kemendikdasmen.go.id/course/view.php?id=630,3,0,Sudah Berjalan,
K-MOODLE-1266,LKP-9c3ebcbd76,Tata Rias LKP LITA,https://kursusdaring.kemendikdasmen.go.id/course/view.php?id=1266,2,0,Sudah Berjalan,
K-MOODLE-635,LKP-333a3ef30e,LKP Widyagama,https://kursusdaring.kemendikdasmen.go.id/course/view.php?id=635,2,0,Sudah Berjalan,
K-MOODLE-1638,LKP-045f45dc43,Bordir Kerancang dan Sulaman LKP HANDAYANI,https://kursusdaring.kemendikdasmen.go.id/course/view.php?id=1638,2,0,Sudah Berjalan,
K-MOODLE-535,LKP-90dfe82ee6,kursus baru,https://kursusdaring.kemendikdasmen.go.id/course/view.php?id=535,3,0,Sudah Berjalan,
K-MOODLE-545,LKP-73c0080630,kursus baru,https://kursusdaring.kemendikdasmen.go.id/course/view.php?id=545,1,0,Sudah Berjalan,
K-MOODLE-1053,LKP-33e399c028,kursusbaru2 - Terracom,https://kursusdaring.kemendikdasmen.go.id/course/view.php?id=1053,1,0,Sudah Berjalan,
K-MOODLE-610,LKP-33e399c028,MAHIR MENGOPERASIKAN APLIKASI PENGOLAH ANGKA / SPREADSHEET ( MS EXCEL ) -  Terracom,https://kursusdaring.kemendikdasmen.go.id/course/view.php?id=610,20,0,Sudah Berjalan,
K-MOODLE-1066,LKP-792d7e7dfc,Bahasa Inggris Pemula Untuk Sekretaris,https://kursusdaring.kemendikdasmen.go.id/course/view.php?id=1066,4,0,Sudah Berjalan,
K-MOODLE-496,LKP-792d7e7dfc,Membuat Desain dengan Photoshop dan Corel bagi Ahli Perancang Grafis,https://kursusdaring.kemendikdasmen.go.id/course/view.php?id=496,1,0,Sudah Berjalan,
K-MOODLE-411,LKP-661853af59,kursus baru,https://kursusdaring.kemendikdasmen.go.id/course/view.php?id=411,2,0,Sudah Berjalan,
K-MOODLE-442,LKP-1d8f5791a7,Kursus Baru,https://kursusdaring.kemendikdasmen.go.id/course/view.php?id=442,2,0,Sudah Berjalan,
K-MOODLE-543,LKP-05018d7b40,kursus baru,https://kursusdaring.kemendikdasmen.go.id/course/view.php?id=543,2,0,Sudah Berjalan,
K-MOODLE-472,LKP-0e6349046e,kursus baru,https://kursusdaring.kemendikdasmen.go.id/course/view.php?id=472,2,0,Sudah Berjalan,
K-MOODLE-823,LKP-3fecc3457b,kursus baru,https://kursusdaring.kemendikdasmen.go.id/course/view.php?id=823,2,0,Sudah Berjalan,
K-MOODLE-1243,LKP-1e2d07eee6,DESY EDUCATION KURSUS PERHOTELAN,https://kursusdaring.kemendikdasmen.go.id/course/view.php?id=1243,3,0,Sudah Berjalan,
K-MOODLE-1244,LKP-1e2d07eee6,DESY EDUCATION KURSUS BAHASA INGGRIS,https://kursusdaring.kemendikdasmen.go.id/course/view.php?id=1244,1,0,Sudah Berjalan,
K-MOODLE-1245,LKP-1e2d07eee6,DESY EDUCATION KURSUS BAHASA MANDARIN,https://kursusdaring.kemendikdasmen.go.id/course/view.php?id=1245,30,0,Sudah Berjalan,
K-MOODLE-2025,LKP-a2e4a08a02,Bimbel Mental Aritmatic (sempoa) dan English for kidz LKP EL'ARITMATIC ROGOJAMPI,https://kursusdaring.kemendikdasmen.go.id/course/view.php?id=2025,2,0,Sudah Berjalan,
K-MOODLE-1635,LKP-261eb5a32e,Bahas Inggris dan Mandarin KLLC BANYUWANGI,https://kursusdaring.kemendikdasmen.go.id/course/view.php?id=1635,2,0,Sudah Berjalan,
K-MOODLE-624,LKP-95636fb637,Speak English Naturally: Metode Cepat untuk Pemula,https://kursusdaring.kemendikdasmen.go.id/course/view.php?id=624,6,0,Sudah Berjalan,
K-MOODLE-985,LKP-95636fb637,Kursus Barista Manual Brew,https://kursusdaring.kemendikdasmen.go.id/course/view.php?id=985,1,0,Sudah Berjalan,
K-MOODLE-2213,LKP-8eaa41c42f,Fokus Teknik Tata Rias Pengantin LKP Canggih,https://kursusdaring.kemendikdasmen.go.id/course/view.php?id=2213,1,0,Sudah Berjalan,
K-MOODLE-2210,LKP-007b102929,Kursus Menjahit Celana Kolor,https://kursusdaring.kemendikdasmen.go.id/course/view.php?id=2210,2,0,Sudah Berjalan,
K-MOODLE-1633,LKP-6246887b5b,Digital Marketing Level Dasar LKP AR RASYID,https://kursusdaring.kemendikdasmen.go.id/course/view.php?id=1633,2,0,Sudah Berjalan,
K-MOODLE-2277,LKP-f0361f1792,Mengoperasikan Aplikasi Perkantoran bagi Pegawai Kantor Umum,https://kursusdaring.kemendikdasmen.go.id/course/view.php?id=2277,2,0,Sudah Berjalan,
K-MOODLE-430,LKP-6d3170d03f,kursus baru,https://kursusdaring.kemendikdasmen.go.id/course/view.php?id=430,2,0,Sudah Berjalan,
K-MOODLE-565,LKP-7e514e5f82,OPERATOR KOMPUTER PROFESIONAL DENGAN MICROSOFT OFFICE,https://kursusdaring.kemendikdasmen.go.id/course/view.php?id=565,2,0,Sudah Berjalan,
K-MOODLE-850,LKP-7e514e5f82,Kursus Pemasaran Digital,https://kursusdaring.kemendikdasmen.go.id/course/view.php?id=850,3,0,Sudah Berjalan,
K-MOODLE-499,LKP-c87f9e0ddd,Pembuatan Modeling 3D untuk Asset Game Roblox,https://kursusdaring.kemendikdasmen.go.id/course/view.php?id=499,3,0,Sudah Berjalan,
K-MOODLE-711,LKP-2afa46aeab,kursus baru,https://kursusdaring.kemendikdasmen.go.id/course/view.php?id=711,2,0,Sudah Berjalan,
K-MOODLE-800,LKP-c2e9658491,kursus baru,https://kursusdaring.kemendikdasmen.go.id/course/view.php?id=800,2,0,Sudah Berjalan,
K-MOODLE-849,LKP-2dcab1ded0,Office for Basic,https://kursusdaring.kemendikdasmen.go.id/course/view.php?id=849,2,0,Sudah Berjalan,
K-MOODLE-796,LKP-dc12d08f0a,kursus baru,https://kursusdaring.kemendikdasmen.go.id/course/view.php?id=796,2,0,Sudah Berjalan,
K-MOODLE-504,LKP-dbeedc5cfa,kursusbaru,https://kursusdaring.kemendikdasmen.go.id/course/view.php?id=504,3,0,Sudah Berjalan,
K-MOODLE-372,LKP-eeb0ae60de,kursus baru,https://kursusdaring.kemendikdasmen.go.id/course/view.php?id=372,2,0,Sudah Berjalan,
K-MOODLE-636,LKP-c8cbf51693,kursus baru,https://kursusdaring.kemendikdasmen.go.id/course/view.php?id=636,2,0,Sudah Berjalan,
K-MOODLE-2016,LKP-5c4d3f5c3b,Tata Boga Bakery dan Pastry,https://kursusdaring.kemendikdasmen.go.id/course/view.php?id=2016,14,0,Sudah Berjalan,
K-MOODLE-1232,LKP-55a0b7c8c9,Microsoft Office Word,https://kursusdaring.kemendikdasmen.go.id/course/view.php?id=1232,16,0,Sudah Berjalan,
K-MOODLE-1613,LKP-55a0b7c8c9,Microsoft Excel LKP Prima Bina Insani Profesional,https://kursusdaring.kemendikdasmen.go.id/course/view.php?id=1613,2,0,Sudah Berjalan,
K-MOODLE-1614,LKP-55a0b7c8c9,Web Desain (Wordpress) LKP Prima Bina Insani Profesional,https://kursusdaring.kemendikdasmen.go.id/course/view.php?id=1614,2,0,Sudah Berjalan,
K-MOODLE-1615,LKP-55a0b7c8c9,Power Point LKP Prima Bina Insani Profesional,https://kursusdaring.kemendikdasmen.go.id/course/view.php?id=1615,2,0,Sudah Berjalan,
K-MOODLE-1616,LKP-55a0b7c8c9,"Kursus Microsoft Office (Word, Excel, PowerPoint PPT)",https://kursusdaring.kemendikdasmen.go.id/course/view.php?id=1616,2,0,Sudah Berjalan,
K-MOODLE-1617,LKP-55a0b7c8c9,English Primary II LKP Prima Bina Insani Profesional,https://kursusdaring.kemendikdasmen.go.id/course/view.php?id=1617,2,0,Sudah Berjalan,
K-MOODLE-1618,LKP-55a0b7c8c9,Digital Marketing LKP Prima Bina Insani Profesional,https://kursusdaring.kemendikdasmen.go.id/course/view.php?id=1618,2,0,Sudah Berjalan,
K-MOODLE-1619,LKP-55a0b7c8c9,Public Speaking LKP Prima Bina Insani Profesional,https://kursusdaring.kemendikdasmen.go.id/course/view.php?id=1619,2,0,Sudah Berjalan,
K-MOODLE-2092,LKP-2033066af4,OPERATOR GARMEN,https://kursusdaring.kemendikdasmen.go.id/course/view.php?id=2092,9,0,Sudah Berjalan,
K-MOODLE-2102,LKP-2033066af4,Membuat Celana Kolor,https://kursusdaring.kemendikdasmen.go.id/course/view.php?id=2102,2,0,Sudah Berjalan,
K-MOODLE-2107,LKP-2033066af4,Membuat Rok Model A,https://kursusdaring.kemendikdasmen.go.id/course/view.php?id=2107,1,0,Sudah Berjalan,
K-MOODLE-2108,LKP-2033066af4,Membuat Daster Midi,https://kursusdaring.kemendikdasmen.go.id/course/view.php?id=2108,2,0,Sudah Berjalan,
K-MOODLE-2220,LKP-2033066af4,Untuk contoh cadangan Membuat Rok Model A,https://kursusdaring.kemendikdasmen.go.id/course/view.php?id=2220,1,0,Sudah Berjalan,
K-MOODLE-553,LKP-2033066af4,Kursus Membuat Rok Model A,https://kursusdaring.kemendikdasmen.go.id/course/view.php?id=553,3,0,Sudah Berjalan,
K-MOODLE-731,LKP-2033066af4,Membuat Blouse Krah Kemeja,https://kursusdaring.kemendikdasmen.go.id/course/view.php?id=731,2,0,Sudah Berjalan,
K-MOODLE-733,LKP-2033066af4,Membuat Baju Osis SMA Putri,https://kursusdaring.kemendikdasmen.go.id/course/view.php?id=733,2,0,Sudah Berjalan,
K-MOODLE-736,LKP-2033066af4,Membuat Rok Osis SMA Putri,https://kursusdaring.kemendikdasmen.go.id/course/view.php?id=736,2,0,Sudah Berjalan,
K-MOODLE-2118,LKP-353f218801,Microsoft Excel LKP Gammatika,https://kursusdaring.kemendikdasmen.go.id/course/view.php?id=2118,2,0,Sudah Berjalan,
K-MOODLE-2112,LKP-f080cba3b9,Bekal Dunia Kerja : Microsoft Office dan kolaborasi digital LKP Permata,https://kursusdaring.kemendikdasmen.go.id/course/view.php?id=2112,2,0,Sudah Berjalan,
K-MOODLE-2113,LKP-f080cba3b9,Microsoft Word dari Pemula hingga siap kerja LKP PERMATA,https://kursusdaring.kemendikdasmen.go.id/course/view.php?id=2113,2,0,Sudah Berjalan,
K-MOODLE-616,LKP-f186fe1f75,kursus baru,https://kursusdaring.kemendikdasmen.go.id/course/view.php?id=616,2,0,Sudah Berjalan,
K-MOODLE-393,LKP-aade9db444,kursus baru,https://kursusdaring.kemendikdasmen.go.id/course/view.php?id=393,3,0,Sudah Berjalan,
K-MOODLE-346,LKP-fe3f793295,DIGITAL MARKETING DASAR,https://kursusdaring.kemendikdasmen.go.id/course/view.php?id=346,9,0,Sudah Berjalan,
K-MOODLE-561,LKP-eae68b2792,kursus baru,https://kursusdaring.kemendikdasmen.go.id/course/view.php?id=561,2,0,Sudah Berjalan,
K-MOODLE-613,LKP-d13c9c90d2,kursus baru,https://kursusdaring.kemendikdasmen.go.id/course/view.php?id=613,2,0,Sudah Berjalan,
K-MOODLE-383,LKP-e6c6d3f952,kursus baru,https://kursusdaring.kemendikdasmen.go.id/course/view.php?id=383,2,0,Sudah Berjalan,
K-MOODLE-547,LKP-fde24525ef,kursus baru,https://kursusdaring.kemendikdasmen.go.id/course/view.php?id=547,2,0,Sudah Berjalan,
K-MOODLE-2021,LKP-29c5c321b3,Menjadi Barista Profesional : Langkah awal menuju dunia Kopi Puncak Hotel Institute,https://kursusdaring.kemendikdasmen.go.id/course/view.php?id=2021,61,0,Sudah Berjalan,
K-MOODLE-2265,LKP-29c5c321b3,Dari Sampah Jadi Cuan! Rahasia Mengubah Limbah Jadi Penghasilan,https://kursusdaring.kemendikdasmen.go.id/course/view.php?id=2265,2,0,Sudah Berjalan,
K-MOODLE-2109,LKP-3d864d5f6e,Dari Ngopi Jadi Barista Profesional,https://kursusdaring.kemendikdasmen.go.id/course/view.php?id=2109,2,0,Sudah Berjalan,
K-MOODLE-542,LKP-3d864d5f6e,kursus baru,https://kursusdaring.kemendikdasmen.go.id/course/view.php?id=542,2,0,Sudah Berjalan,
K-MOODLE-384,LKP-6aaac54cb9,SENTRAL PRIMA KARYA,https://kursusdaring.kemendikdasmen.go.id/course/view.php?id=384,1,0,Sudah Berjalan,
K-MOODLE-361,LKP-065909f7d5,kursus baru,https://kursusdaring.kemendikdasmen.go.id/course/view.php?id=361,9,0,Sudah Berjalan,
K-MOODLE-552,LKP-67f9cc8f83,kursus baru,https://kursusdaring.kemendikdasmen.go.id/course/view.php?id=552,2,0,Sudah Berjalan,
K-MOODLE-416,LKP-e559c36e72,LKP Sugeng Elektronik,https://kursusdaring.kemendikdasmen.go.id/course/view.php?id=416,2,0,Sudah Berjalan,
K-MOODLE-434,LKP-919b39e2ff,kursus baru,https://kursusdaring.kemendikdasmen.go.id/course/view.php?id=434,2,0,Sudah Berjalan,
K-MOODLE-655,LKP-1a080629a8,Menjahit Apron untuk Kebersihan Kerja di Dapur,https://kursusdaring.kemendikdasmen.go.id/course/view.php?id=655,2,0,Sudah Berjalan,
K-MOODLE-340,LKP-adbefe67a0,Komputer Aplikasi Perkantoran (Ms. Excel),https://kursusdaring.kemendikdasmen.go.id/course/view.php?id=340,268,0,Sudah Berjalan,
K-MOODLE-753,LKP-adbefe67a0,Desain Grafis,https://kursusdaring.kemendikdasmen.go.id/course/view.php?id=753,3,0,Sudah Berjalan,
K-MOODLE-866,LKP-adbefe67a0,Komputer Aplikasi Perkantoran (Microsoft Office),https://kursusdaring.kemendikdasmen.go.id/course/view.php?id=866,2,0,Sudah Berjalan,
K-MOODLE-342,LKP-50c3745d95,kursus baru,https://kursusdaring.kemendikdasmen.go.id/course/view.php?id=342,3,0,Sudah Berjalan,
K-MOODLE-594,LKP-cf0f7d729f,LKP DEWI BEAUTY SALON,https://kursusdaring.kemendikdasmen.go.id/course/view.php?id=594,2,0,Sudah Berjalan,
K-MOODLE-696,LKP-667b89d6ad,kursus baru,https://kursusdaring.kemendikdasmen.go.id/course/view.php?id=696,2,0,Sudah Berjalan,
K-MOODLE-854,LKP-7f25eaba78,kursusbaru,https://kursusdaring.kemendikdasmen.go.id/course/view.php?id=854,2,0,Sudah Berjalan,
K-MOODLE-397,LKP-ee25190dba,PROFESIONAL OPERATOR KOMPUTER DENGAN MICROSOFT OFFICE,https://kursusdaring.kemendikdasmen.go.id/course/view.php?id=397,21,0,Sudah Berjalan,
K-MOODLE-853,LKP-f3a688aafe,APLIKASI PERKANTORAN PROFESIONAL,https://kursusdaring.kemendikdasmen.go.id/course/view.php?id=853,3,0,Sudah Berjalan,
K-MOODLE-592,LKP-8ae515bd02,Kursus Komputer Microsoft Office,https://kursusdaring.kemendikdasmen.go.id/course/view.php?id=592,2,0,Sudah Berjalan,
K-MOODLE-1072,LKP-0b52af0c48,KURSUS TEKNIK SEPEDA MOTOR - SISTEM INJEKSI,https://kursusdaring.kemendikdasmen.go.id/course/view.php?id=1072,19,0,Sudah Berjalan,
K-MOODLE-2100,LKP-0b52af0c48,Perawatan Sistem kelistrikan Sepeda Motor Dasar,https://kursusdaring.kemendikdasmen.go.id/course/view.php?id=2100,2,0,Sudah Berjalan,
K-MOODLE-433,LKP-0b52af0c48,MENGEMUDI ( FAMILY DRIVER ),https://kursusdaring.kemendikdasmen.go.id/course/view.php?id=433,23,0,Sudah Berjalan,
K-MOODLE-409,LKP-d623a51bd3,Membuat Game Dengan Aplikasi GDevelop,https://kursusdaring.kemendikdasmen.go.id/course/view.php?id=409,2,0,Sudah Berjalan,
K-MOODLE-527,LKP-5aa4d3985c,kursus baru,https://kursusdaring.kemendikdasmen.go.id/course/view.php?id=527,2,0,Sudah Berjalan,
K-MOODLE-558,LKP-68384affa9,kursus baru,https://kursusdaring.kemendikdasmen.go.id/course/view.php?id=558,1,0,Sudah Berjalan,
K-MOODLE-764,LKP-3faeccb48c,kursus baru,https://kursusdaring.kemendikdasmen.go.id/course/view.php?id=764,2,0,Sudah Berjalan,
K-MOODLE-625,LKP-146d9f1b1c,Teknisi Komputer,https://kursusdaring.kemendikdasmen.go.id/course/view.php?id=625,1,0,Sudah Berjalan,
K-MOODLE-646,LKP-978ad25a38,Design Engineering,https://kursusdaring.kemendikdasmen.go.id/course/view.php?id=646,2,0,Sudah Berjalan,
K-MOODLE-649,LKP-578a040e74,kursus baru,https://kursusdaring.kemendikdasmen.go.id/course/view.php?id=649,4,0,Sudah Berjalan,
K-MOODLE-2216,LKP-f7fc7ff8da,Jago bikin donat tanpa alat mahal : hasil bakery dari dapur rumah,https://kursusdaring.kemendikdasmen.go.id/course/view.php?id=2216,2,0,Sudah Berjalan,
K-MOODLE-2114,LKP-dd04eef2eb,Belajar membuat Desain Poster untuk Iklan dan Logo Perusahan bagi Desain Grafis dan Multimedia,https://kursusdaring.kemendikdasmen.go.id/course/view.php?id=2114,2,0,Sudah Berjalan,
K-MOODLE-414,LKP-331c039ba4,Kursus Desain Digital Printing dengan Corel,https://kursusdaring.kemendikdasmen.go.id/course/view.php?id=414,3,0,Sudah Berjalan,
K-MOODLE-1073,LKP-2471b0d39c,Program MS Word : Mahir Mengolah Dokumen,https://kursusdaring.kemendikdasmen.go.id/course/view.php?id=1073,4,0,Sudah Berjalan,
K-MOODLE-2079,LKP-2471b0d39c,kursus baru 1,https://kursusdaring.kemendikdasmen.go.id/course/view.php?id=2079,2,0,Sudah Berjalan,
K-MOODLE-2080,LKP-2471b0d39c,DASAR-DASAR EDITING DENGAN ADOBE PREMIERE PRO,https://kursusdaring.kemendikdasmen.go.id/course/view.php?id=2080,2,0,Sudah Berjalan,
K-MOODLE-683,LKP-2471b0d39c,BELAJAR MENGGUNAKAN CORELDRAW BAGI PEMULA #1,https://kursusdaring.kemendikdasmen.go.id/course/view.php?id=683,3,0,Sudah Berjalan,
K-MOODLE-1246,LKP-ca0a0347de,Digital Marketing - SEO & Landing Page,https://kursusdaring.kemendikdasmen.go.id/course/view.php?id=1246,2,0,Sudah Berjalan,
K-MOODLE-2096,LKP-ca0a0347de,Content & Social Media Marketing,https://kursusdaring.kemendikdasmen.go.id/course/view.php?id=2096,2,0,Sudah Berjalan,
K-MOODLE-839,LKP-73d16c76b4,Kursus Baru,https://kursusdaring.kemendikdasmen.go.id/course/view.php?id=839,2,0,Sudah Berjalan,
K-MOODLE-673,LKP-ce10c1eeb4,kursus baru,https://kursusdaring.kemendikdasmen.go.id/course/view.php?id=673,2,0,Sudah Berjalan,
K-MOODLE-405,LKP-56b800d172,Teknisi jaringan dan sistem komputer,https://kursusdaring.kemendikdasmen.go.id/course/view.php?id=405,2,0,Sudah Berjalan,
K-MOODLE-2074,LKP-7abaf10f54,Membuat Hiasan Sulam Pita pada Busana bagi Penyulam,https://kursusdaring.kemendikdasmen.go.id/course/view.php?id=2074,2,0,Sudah Berjalan,
K-MOODLE-2075,LKP-7abaf10f54,Menjahit Celana Kulot bagi Tukang Jahit,https://kursusdaring.kemendikdasmen.go.id/course/view.php?id=2075,2,0,Sudah Berjalan,
K-MOODLE-2076,LKP-7abaf10f54,Menjahit Kemeja bagi Tukang Jahit,https://kursusdaring.kemendikdasmen.go.id/course/view.php?id=2076,2,0,Sudah Berjalan,
K-MOODLE-2077,LKP-7abaf10f54,Menjahit Rok SMA bagi Tukang Jahit,https://kursusdaring.kemendikdasmen.go.id/course/view.php?id=2077,2,0,Sudah Berjalan,
K-MOODLE-408,LKP-7abaf10f54,Teknik Menjahit Daster Gondel,https://kursusdaring.kemendikdasmen.go.id/course/view.php?id=408,3,0,Sudah Berjalan,
K-MOODLE-388,LKP-02fb2d3c5f,LKP PRIMA ENGLISH COURSE,https://kursusdaring.kemendikdasmen.go.id/course/view.php?id=388,2,0,Sudah Berjalan,
K-MOODLE-2099,LKP-48cf655632,Kursus Digital Marketing,https://kursusdaring.kemendikdasmen.go.id/course/view.php?id=2099,1,0,Sudah Berjalan,
K-MOODLE-418,LKP-48cf655632,Kursus Microsoft Word Mahir,https://kursusdaring.kemendikdasmen.go.id/course/view.php?id=418,2,0,Sudah Berjalan,
K-MOODLE-2218,LKP-cc87af5907,Menjahit Blus Wanita  LKP MULIYA,https://kursusdaring.kemendikdasmen.go.id/course/view.php?id=2218,2,0,Sudah Berjalan,
K-MOODLE-2219,LKP-070c600da8,Menjahit Tata Busana Level 2 - LKP Seroja,https://kursusdaring.kemendikdasmen.go.id/course/view.php?id=2219,2,0,Sudah Berjalan,
K-MOODLE-608,LKP-6246f2b0a8,kursus baru,https://kursusdaring.kemendikdasmen.go.id/course/view.php?id=608,2,0,Sudah Berjalan,
K-MOODLE-2121,LKP-a6187d7f93,"Sukses Dunia Kerja, Kuasai Microsoft Office Excel untuk Fresh Graduate dan Pencari Kerja",https://kursusdaring.kemendikdasmen.go.id/course/view.php?id=2121,3,0,Sudah Berjalan,
K-MOODLE-2282,LKP-a6187d7f93,"Sukses Dunia Kerja, Kuasai Microsoft Office Word untuk Fresh Graduate dan Pencari Kerja",https://kursusdaring.kemendikdasmen.go.id/course/view.php?id=2282,3,0,Sudah Berjalan,
K-MOODLE-539,LKP-a47ac50131,kursus baru,https://kursusdaring.kemendikdasmen.go.id/course/view.php?id=539,1,0,Sudah Berjalan,
K-MOODLE-548,LKP-f40672c91b,DESAIN GRAFIS,https://kursusdaring.kemendikdasmen.go.id/course/view.php?id=548,2,0,Sudah Berjalan,
K-MOODLE-664,LKP-f40672c91b,DESAIN GRAFIS salin 1,https://kursusdaring.kemendikdasmen.go.id/course/view.php?id=664,1,0,Sudah Berjalan,
K-MOODLE-691,LKP-20341091c2,Belajar Website Simpel Menggunakan Wordpress,https://kursusdaring.kemendikdasmen.go.id/course/view.php?id=691,2,0,Sudah Berjalan,
K-MOODLE-412,LKP-5a2bad6b8e,kursus baru,https://kursusdaring.kemendikdasmen.go.id/course/view.php?id=412,2,0,Sudah Berjalan,
K-MOODLE-456,LKP-6f57e4d187,Belajar Dasar-dasar Digital Marketing,https://kursusdaring.kemendikdasmen.go.id/course/view.php?id=456,2,0,Sudah Berjalan,
K-MOODLE-2280,LKP-b5204dcfbd,"""Solusi Meraih Prestasi: Prestasi Cemerlang, Naik Kelas Gak Pusing!""",https://kursusdaring.kemendikdasmen.go.id/course/view.php?id=2280,2,0,Sudah Berjalan,
K-MOODLE-550,LKP-0024667e54,kursus baru,https://kursusdaring.kemendikdasmen.go.id/course/view.php?id=550,2,0,Sudah Berjalan,
K-MOODLE-453,LKP-57c5a27716,PROGRAM PRESENTATION ( POWER POINT),https://kursusdaring.kemendikdasmen.go.id/course/view.php?id=453,5,0,Sudah Berjalan,
K-MOODLE-851,LKP-57c5a27716,GRAPHIC DESIGN (COREL DRAW),https://kursusdaring.kemendikdasmen.go.id/course/view.php?id=851,5,0,Sudah Berjalan,
K-MOODLE-875,LKP-57c5a27716,OFFICE ADMINISTRATION,https://kursusdaring.kemendikdasmen.go.id/course/view.php?id=875,35,0,Sudah Berjalan,
K-MOODLE-876,LKP-57c5a27716,OFFICE ACCOUNTING (SPREADSHEET),https://kursusdaring.kemendikdasmen.go.id/course/view.php?id=876,2,0,Sudah Berjalan,
K-MOODLE-919,LKP-57c5a27716,DESAIN KOMUNIKASI VISUAL,https://kursusdaring.kemendikdasmen.go.id/course/view.php?id=919,1,0,Sudah Berjalan,
K-MOODLE-402,LKP-9a97e44bc5,kursus baru,https://kursusdaring.kemendikdasmen.go.id/course/view.php?id=402,2,0,Sudah Berjalan,
K-MOODLE-752,LKP-681b753480,Teknik Komputer dan Jaringan Dasar,https://kursusdaring.kemendikdasmen.go.id/course/view.php?id=752,3,0,Sudah Berjalan,
K-MOODLE-770,LKP-681b753480,ADMINISTRASI PERKANTORAN PROFESIONAL DENGAN MS WORD & MS EXCEL,https://kursusdaring.kemendikdasmen.go.id/course/view.php?id=770,14,0,Sudah Berjalan,
K-MOODLE-772,LKP-681b753480,Menjadi  Teknisi Sistem Operasi Laptop,https://kursusdaring.kemendikdasmen.go.id/course/view.php?id=772,1,0,Sudah Berjalan,
K-MOODLE-774,LKP-681b753480,Membuat Stempel Warna dan Stempel Runaflek Profesional,https://kursusdaring.kemendikdasmen.go.id/course/view.php?id=774,1,0,Sudah Berjalan,
K-MOODLE-486,LKP-2e1c08626e,kursus baru,https://kursusdaring.kemendikdasmen.go.id/course/view.php?id=486,2,0,Sudah Berjalan,
K-MOODLE-482,LKP-9e93870afd,MAHIR MICROSOFT WORD,https://kursusdaring.kemendikdasmen.go.id/course/view.php?id=482,18,0,Sudah Berjalan,
K-MOODLE-740,LKP-9e93870afd,ENGLISH Online Course,https://kursusdaring.kemendikdasmen.go.id/course/view.php?id=740,7,0,Sudah Berjalan,
K-MOODLE-474,LKP-50020965b2,Kursus tata kecantikan rambut,https://kursusdaring.kemendikdasmen.go.id/course/view.php?id=474,3,0,Sudah Berjalan,
K-MOODLE-790,LKP-21da32bbe9,kursus baru,https://kursusdaring.kemendikdasmen.go.id/course/view.php?id=790,2,0,Sudah Berjalan,
K-MOODLE-368,LKP-2ad03b9fba,Belajar Design Grafis dengan Aplikasi Canva,https://kursusdaring.kemendikdasmen.go.id/course/view.php?id=368,4,0,Sudah Berjalan,
K-MOODLE-693,LKP-d76bb7e93e,Komputer Dasar,https://kursusdaring.kemendikdasmen.go.id/course/view.php?id=693,1,0,Sudah Berjalan,
K-MOODLE-660,LKP-534d7a6475,Pemangkasan Rambut Jenjang III,https://kursusdaring.kemendikdasmen.go.id/course/view.php?id=660,2,0,Sudah Berjalan,
K-MOODLE-551,LKP-ff3cff1b8a,Menjadi Administrasi Perkantoran (Microsoft Word) Profesional,https://kursusdaring.kemendikdasmen.go.id/course/view.php?id=551,2,0,Sudah Berjalan,
K-MOODLE-656,LKP-2e1543c274,kursus baru,https://kursusdaring.kemendikdasmen.go.id/course/view.php?id=656,2,0,Sudah Berjalan,
K-MOODLE-641,LKP-1d7714cd10,kursus baru,https://kursusdaring.kemendikdasmen.go.id/course/view.php?id=641,2,0,Sudah Berjalan,
K-MOODLE-1241,LKP-7d419e5822,Pemeriksaan Tekanan Bahan Bakar Nolen Training Center,https://kursusdaring.kemendikdasmen.go.id/course/view.php?id=1241,2,0,Sudah Berjalan,
K-MOODLE-629,LKP-a354ac654b,Kursus Daring (online) Pelatihan Desain Grafis Level 3,https://kursusdaring.kemendikdasmen.go.id/course/view.php?id=629,5,0,Sudah Berjalan,
K-MOODLE-810,LKP-a354ac654b,Kursus Daring (Online) Pelatihan ATH Sayuran Hidroponik,https://kursusdaring.kemendikdasmen.go.id/course/view.php?id=810,11,0,Sudah Berjalan,
K-MOODLE-811,LKP-a354ac654b,Kursus Daring (Online) Pelatihan ATH Buah Hidroponik,https://kursusdaring.kemendikdasmen.go.id/course/view.php?id=811,13,0,Sudah Berjalan,
K-MOODLE-792,LKP-3cb2c859af,BUDIDAYA SAYURAN HIDROPONIK,https://kursusdaring.kemendikdasmen.go.id/course/view.php?id=792,2,0,Sudah Berjalan,
K-MOODLE-2098,LKP-bef116c320,Sistem Injeksi,https://kursusdaring.kemendikdasmen.go.id/course/view.php?id=2098,2,0,Sudah Berjalan,
K-MOODLE-700,LKP-acd9c255f9,kursus baru,https://kursusdaring.kemendikdasmen.go.id/course/view.php?id=700,2,0,Sudah Berjalan,
K-MOODLE-536,LKP-8e5a413ee8,kursus baru,https://kursusdaring.kemendikdasmen.go.id/course/view.php?id=536,2,0,Sudah Berjalan,
K-MOODLE-422,LKP-fad2961644,kursus baru,https://kursusdaring.kemendikdasmen.go.id/course/view.php?id=422,2,0,Sudah Berjalan,
K-MOODLE-668,LKP-3e14106f0c,Kursus  membuat jilbab siffon tiga layer LKP AL-Latif,https://kursusdaring.kemendikdasmen.go.id/course/view.php?id=668,1,0,Sudah Berjalan,
K-MOODLE-659,LKP-c2ef64aab4,kursus baru,https://kursusdaring.kemendikdasmen.go.id/course/view.php?id=659,2,0,Sudah Berjalan,
K-MOODLE-455,LKP-57709672f4,kursus baru,https://kursusdaring.kemendikdasmen.go.id/course/view.php?id=455,2,0,Sudah Berjalan,
K-MOODLE-435,LKP-ffe62f0638,kursus baru,https://kursusdaring.kemendikdasmen.go.id/course/view.php?id=435,2,0,Sudah Berjalan,
K-MOODLE-756,LKP-07bfbd038a,kursus baru,https://kursusdaring.kemendikdasmen.go.id/course/view.php?id=756,2,0,Sudah Berjalan,
K-MOODLE-1264,LKP-7db48808ca,Anti Lock Braking Safety,https://kursusdaring.kemendikdasmen.go.id/course/view.php?id=1264,2,0,Sudah Berjalan,
K-MOODLE-1101,LKP-b13fc7a831,"Next Level Digital Marketing: Optimalkan Automasi Iklan IG, FB, TikTok, Shopee & TikTok Affiliate",https://kursusdaring.kemendikdasmen.go.id/course/view.php?id=1101,3,0,Sudah Berjalan,
K-MOODLE-621,LKP-b13fc7a831,Mendesain Karikatur untuk Kaos dengan Photoshop,https://kursusdaring.kemendikdasmen.go.id/course/view.php?id=621,3,0,Sudah Berjalan,
K-MOODLE-604,LKP-8405605eea,LKP ALKAUTSAR COMPUTER,https://kursusdaring.kemendikdasmen.go.id/course/view.php?id=604,1,0,Sudah Berjalan,
K-MOODLE-351,LKP-5c6b6a4d6c,kursus baru,https://kursusdaring.kemendikdasmen.go.id/course/view.php?id=351,2,0,Sudah Berjalan,
K-MOODLE-526,LKP-c0d35e4c26,Kursus Tata Rias Wajah,https://kursusdaring.kemendikdasmen.go.id/course/view.php?id=526,2,0,Sudah Berjalan,
K-MOODLE-505,LKP-602c0ac0e9,Mahir Microsoft Word Untuk Siswa dan Perkantoran,https://kursusdaring.kemendikdasmen.go.id/course/view.php?id=505,4,0,Sudah Berjalan,
K-MOODLE-718,LKP-602c0ac0e9,Microsoft Excel,https://kursusdaring.kemendikdasmen.go.id/course/view.php?id=718,1,0,Sudah Berjalan,
K-MOODLE-723,LKP-602c0ac0e9,Power Point untuk Pemula,https://kursusdaring.kemendikdasmen.go.id/course/view.php?id=723,1,0,Sudah Berjalan,
K-MOODLE-479,LKP-902b0c6ebb,kursus baru,https://kursusdaring.kemendikdasmen.go.id/course/view.php?id=479,1,0,Sudah Berjalan,
K-MOODLE-694,LKP-17196348eb,kursus baru,https://kursusdaring.kemendikdasmen.go.id/course/view.php?id=694,2,0,Sudah Berjalan,
K-MOODLE-2272,LKP-b4cfe80226,English from Basic: Belajar Bahasa Inggris dari Nol,https://kursusdaring.kemendikdasmen.go.id/course/view.php?id=2272,2,0,Sudah Berjalan,
K-MOODLE-676,LKP-d0fbeb35d6,kursus baru,https://kursusdaring.kemendikdasmen.go.id/course/view.php?id=676,1,0,Sudah Berjalan,
K-MOODLE-336,LKP-60d8e4e03e,Microsoft Office Basic,https://kursusdaring.kemendikdasmen.go.id/course/view.php?id=336,5,0,Sudah Berjalan,
K-MOODLE-332,LKP-dc1966d4e0,kursus baru,https://kursusdaring.kemendikdasmen.go.id/course/view.php?id=332,2,0,Sudah Berjalan,
K-MOODLE-627,LKP-6539470777,kursus baru,https://kursusdaring.kemendikdasmen.go.id/course/view.php?id=627,1,0,Sudah Berjalan,
K-MOODLE-680,LKP-7c300ecfa4,KURSUS SALON KECANTIKAN,https://kursusdaring.kemendikdasmen.go.id/course/view.php?id=680,2,0,Sudah Berjalan,
K-MOODLE-2117,LKP-2ec91d8f2e,Merias Wajah Sendiri (Self Makeup) LKP Sistha Sari,https://kursusdaring.kemendikdasmen.go.id/course/view.php?id=2117,2,0,Sudah Berjalan,
K-MOODLE-514,LKP-306fd9d13f,kursus baru,https://kursusdaring.kemendikdasmen.go.id/course/view.php?id=514,2,0,Sudah Berjalan,
K-MOODLE-2115,LKP-8bfeab959b,Tata Rias Pengantin Gaun Panjang Berkerudung LKP Mutiara Pati,https://kursusdaring.kemendikdasmen.go.id/course/view.php?id=2115,1,0,Sudah Berjalan,
K-MOODLE-808,LKP-426595e3e6,kursus baru,https://kursusdaring.kemendikdasmen.go.id/course/view.php?id=808,2,0,Sudah Berjalan,
K-MOODLE-614,LKP-569f0bbc61,kursus baru,https://kursusdaring.kemendikdasmen.go.id/course/view.php?id=614,2,0,Sudah Berjalan,
K-MOODLE-623,LKP-ded7d2719e,BAHASA INGGRIS DASAR (BASIC ONE),https://kursusdaring.kemendikdasmen.go.id/course/view.php?id=623,2,0,Sudah Berjalan,
K-MOODLE-661,LKP-16def801fd,kursus baru,https://kursusdaring.kemendikdasmen.go.id/course/view.php?id=661,2,0,Sudah Berjalan,
K-MOODLE-684,LKP-4b694331a9,kursus baru,https://kursusdaring.kemendikdasmen.go.id/course/view.php?id=684,2,0,Sudah Berjalan,
K-MOODLE-634,LKP-1b7911ecc5,kursus baru,https://kursusdaring.kemendikdasmen.go.id/course/view.php?id=634,2,0,Sudah Berjalan,
K-MOODLE-530,LKP-767a509aab,kursus baru,https://kursusdaring.kemendikdasmen.go.id/course/view.php?id=530,2,0,Sudah Berjalan,
K-MOODLE-689,LKP-71ee5fa91e,kursus baru,https://kursusdaring.kemendikdasmen.go.id/course/view.php?id=689,2,0,Sudah Berjalan,
K-MOODLE-436,LKP-d945884240,kursus baru,https://kursusdaring.kemendikdasmen.go.id/course/view.php?id=436,2,0,Sudah Berjalan,
K-MOODLE-525,LKP-bcb4bad6b6,kursus baru,https://kursusdaring.kemendikdasmen.go.id/course/view.php?id=525,2,0,Sudah Berjalan,
K-MOODLE-654,LKP-3e5cf78097,Microsoft Excel Untuk Pelajar,https://kursusdaring.kemendikdasmen.go.id/course/view.php?id=654,2,0,Sudah Berjalan,
K-MOODLE-2122,LKP-e6bd705c16,Kreasi Tas Belanja Eco-Friendly untuk Pemula,https://kursusdaring.kemendikdasmen.go.id/course/view.php?id=2122,2,0,Sudah Berjalan,
K-MOODLE-2214,LKP-8fda2498e4,Mahir Menjahit Blouse Wanita dari Nol hingga Siap Pakai,https://kursusdaring.kemendikdasmen.go.id/course/view.php?id=2214,2,0,Sudah Berjalan,
K-MOODLE-2261,LKP-8fda2498e4,Dasar - Dasar Pola dan Jahit,https://kursusdaring.kemendikdasmen.go.id/course/view.php?id=2261,2,0,Sudah Berjalan,
K-MOODLE-1109,LKP-e0c91fb822,Mendeteksi  Penyebab Gangguan Kelistrikan Sepeda Motor,https://kursusdaring.kemendikdasmen.go.id/course/view.php?id=1109,8,0,Sudah Berjalan,
K-MOODLE-1110,LKP-e0c91fb822,Merancang Desain Interior dengan AutoCAD,https://kursusdaring.kemendikdasmen.go.id/course/view.php?id=1110,3,0,Sudah Berjalan,
K-MOODLE-1868,LKP-e0c91fb822,Perawatan Mobil bagi Pengemudi Mobil Keluarga (Family Driver),https://kursusdaring.kemendikdasmen.go.id/course/view.php?id=1868,9,0,Sudah Berjalan,
K-MOODLE-2026,LKP-e0c91fb822,Perawatan dan Perbaikan Mesin Jahit Industri Garmen,https://kursusdaring.kemendikdasmen.go.id/course/view.php?id=2026,7,0,Sudah Berjalan,
K-MOODLE-2052,LKP-e0c91fb822,Menjahit Aneka Model Tunik bagi Tukang Jahit - LKP Kartika,https://kursusdaring.kemendikdasmen.go.id/course/view.php?id=2052,2,0,Sudah Berjalan,
K-MOODLE-2058,LKP-e0c91fb822,"Keterampilan Menjahit ""Membuat Tas serut""",https://kursusdaring.kemendikdasmen.go.id/course/view.php?id=2058,1,0,Sudah Berjalan,
K-MOODLE-473,LKP-75cb0f2c27,kursus baru,https://kursusdaring.kemendikdasmen.go.id/course/view.php?id=473,2,0,Sudah Berjalan,
K-MOODLE-2263,LKP-82231c1703,Design Your Own Vibe: Kursus Jahit Online dari Nol,https://kursusdaring.kemendikdasmen.go.id/course/view.php?id=2263,1,0,Sudah Berjalan,
K-MOODLE-2215,LKP-02a045b525,Pelatihan Keterampilan Tata Rias Wajah Berbasis Digital,https://kursusdaring.kemendikdasmen.go.id/course/view.php?id=2215,2,0,Sudah Berjalan,
K-MOODLE-688,LKP-91572600ac,DESAIN GRAFIS,https://kursusdaring.kemendikdasmen.go.id/course/view.php?id=688,24,0,Sudah Berjalan,
K-MOODLE-757,LKP-7d674504b3,kursus baru,https://kursusdaring.kemendikdasmen.go.id/course/view.php?id=757,4,0,Sudah Berjalan,
K-MOODLE-1641,LKP-8cae193282,LKP Mentari,https://kursusdaring.kemendikdasmen.go.id/course/view.php?id=1641,2,0,Sudah Berjalan,
K-MOODLE-761,LKP-66e370f1bc,LKP Karunia Bunda,https://kursusdaring.kemendikdasmen.go.id/course/view.php?id=761,2,0,Sudah Berjalan,
K-MOODLE-678,LKP-45ce55d94b,kursus baru,https://kursusdaring.kemendikdasmen.go.id/course/view.php?id=678,2,0,Sudah Berjalan,
K-MOODLE-685,LKP-2b22c2eead,English for Tour Guide,https://kursusdaring.kemendikdasmen.go.id/course/view.php?id=685,16,0,Sudah Berjalan,
K-MOODLE-410,LKP-5ca14c1a3c,Kelas Canva Basic,https://kursusdaring.kemendikdasmen.go.id/course/view.php?id=410,22,0,Sudah Berjalan,
K-MOODLE-728,LKP-5ca14c1a3c,Membuat Profil Bisnis Usaha Kita,https://kursusdaring.kemendikdasmen.go.id/course/view.php?id=728,2,0,Sudah Berjalan,
K-MOODLE-538,LKP-7e2147d9d5,"Membuat Rok A Line Lengkap (Mengambil ukuran, membuat pola, menjahit, dan finishing)",https://kursusdaring.kemendikdasmen.go.id/course/view.php?id=538,2,0,Sudah Berjalan,
K-MOODLE-717,LKP-e0cc3df565,Membuat Sabun Herbal padat batangan dan Pewangi Pakaian,https://kursusdaring.kemendikdasmen.go.id/course/view.php?id=717,1,0,Sudah Berjalan,
K-MOODLE-722,LKP-e0cc3df565,MEMBUAT CREAM WAJAH DAN BODY LOTION,https://kursusdaring.kemendikdasmen.go.id/course/view.php?id=722,1,0,Sudah Berjalan,
K-MOODLE-732,LKP-e0cc3df565,Therapist SPA & Refleksi untuk ke Malaysia,https://kursusdaring.kemendikdasmen.go.id/course/view.php?id=732,3,0,Sudah Berjalan,
K-MOODLE-734,LKP-e0cc3df565,Body Treatment Spa,https://kursusdaring.kemendikdasmen.go.id/course/view.php?id=734,1,0,Sudah Berjalan,
K-MOODLE-739,LKP-e0cc3df565,Pijat Thailand (Thai Massage),https://kursusdaring.kemendikdasmen.go.id/course/view.php?id=739,2,0,Sudah Berjalan,
K-MOODLE-648,LKP-39f42a655d,kursus baru,https://kursusdaring.kemendikdasmen.go.id/course/view.php?id=648,2,0,Sudah Berjalan,
K-MOODLE-600,LKP-b26a295858,EDITING VIDEO MENGGUNAKAN CANVA,https://kursusdaring.kemendikdasmen.go.id/course/view.php?id=600,14,0,Sudah Berjalan,
K-MOODLE-618,LKP-62f2c936a6,Kursus Membuat Unique Ethnic Blouse,https://kursusdaring.kemendikdasmen.go.id/course/view.php?id=618,11,0,Sudah Berjalan,
K-MOODLE-2030,LKP-c20146a8ad,"Mengelola Excel bagi Petugas Entry Data, LKP Putra Perwira",https://kursusdaring.kemendikdasmen.go.id/course/view.php?id=2030,7,0,Sudah Berjalan,
K-MOODLE-2053,LKP-c20146a8ad,Mengelola Medsos bagi Sosial Media Strategi - LKP Putra Perwira,https://kursusdaring.kemendikdasmen.go.id/course/view.php?id=2053,8,0,Sudah Berjalan,
K-MOODLE-2054,LKP-c20146a8ad,Mengelola Angka dengan Microsoft Excel bagi Tenaga Perkantoran - Putra Perwira,https://kursusdaring.kemendikdasmen.go.id/course/view.php?id=2054,6,0,Sudah Berjalan,
K-MOODLE-2055,LKP-c20146a8ad,Membuat Desain Presentasi dengan Power Point bagi Tenaga Pendidikan - Putra Perwira,https://kursusdaring.kemendikdasmen.go.id/course/view.php?id=2055,7,0,Sudah Berjalan,
K-MOODLE-2056,LKP-c20146a8ad,Belajar Menggunakan MS Word Untuk Tenaga Perkantoran - Putra Perwira,https://kursusdaring.kemendikdasmen.go.id/course/view.php?id=2056,9,0,Sudah Berjalan,
K-MOODLE-587,LKP-d44eaefb47,kursus baru,https://kursusdaring.kemendikdasmen.go.id/course/view.php?id=587,2,0,Sudah Berjalan,
K-MOODLE-1612,LKP-c2cc724036,Bahasa Inggris dan Komputer LKP Communicative Center,https://kursusdaring.kemendikdasmen.go.id/course/view.php?id=1612,2,0,Sudah Berjalan,
K-MOODLE-2268,LKP-fcd66060c5,"Mahir Microsoft Word: Belajar Santai, Hasil Maksimal",https://kursusdaring.kemendikdasmen.go.id/course/view.php?id=2268,2,0,Sudah Berjalan,
K-MOODLE-385,LKP-fcd66060c5,Operator Komputer Muda,https://kursusdaring.kemendikdasmen.go.id/course/view.php?id=385,2,0,Sudah Berjalan,
K-MOODLE-345,LKP-b0fcfcd830,Kursus Musik,https://kursusdaring.kemendikdasmen.go.id/course/view.php?id=345,3,0,Sudah Berjalan,
K-MOODLE-743,LKP-da8ead3bec,"Mahir Menjahit Gamis Kombinasi Batik: Kuasai Teknik, Ciptakan Karya Berkualitas",https://kursusdaring.kemendikdasmen.go.id/course/view.php?id=743,2,0,Sudah Berjalan,
K-MOODLE-1068,LKP-2832e63cb2,Rok Suai,https://kursusdaring.kemendikdasmen.go.id/course/view.php?id=1068,3,0,Sudah Berjalan,
K-MOODLE-1069,LKP-2832e63cb2,Membuat Taplak Meja Bagi Tukang Jahit,https://kursusdaring.kemendikdasmen.go.id/course/view.php?id=1069,2,0,Sudah Berjalan,
K-MOODLE-1070,LKP-2832e63cb2,Menjadi Pengusaha Toko Pakaian di Rumah,https://kursusdaring.kemendikdasmen.go.id/course/view.php?id=1070,3,0,Sudah Berjalan,
K-MOODLE-1247,LKP-2832e63cb2,Merancang UI/UX Landing Page Menggunakan Figma,https://kursusdaring.kemendikdasmen.go.id/course/view.php?id=1247,3,0,Sudah Berjalan,
K-MOODLE-465,LKP-2832e63cb2,Merancang Kreasi Lap Gantung,https://kursusdaring.kemendikdasmen.go.id/course/view.php?id=465,64,0,Sudah Berjalan,
K-MOODLE-2022,LKP-28d5ef0171,Bahasa Korea Lulus Ujian EPS-TOPIK : LPK KONGBUHAPSIDA,https://kursusdaring.kemendikdasmen.go.id/course/view.php?id=2022,2,0,Sudah Berjalan,
K-MOODLE-742,LKP-6fd82bdf7d,kursus baru,https://kursusdaring.kemendikdasmen.go.id/course/view.php?id=742,2,0,Sudah Berjalan,
K-MOODLE-1748,LKP-0d7666a932,Menjahit Busana Dasar LKP BUSANA PUTRI,https://kursusdaring.kemendikdasmen.go.id/course/view.php?id=1748,2,0,Sudah Berjalan,
K-MOODLE-2120,LKP-b91f8f27c6,Desain Grafis Untuk Cutting Stiker,https://kursusdaring.kemendikdasmen.go.id/course/view.php?id=2120,2,0,Sudah Berjalan,
K-MOODLE-480,LKP-4cd5333ef8,kursus baru,https://kursusdaring.kemendikdasmen.go.id/course/view.php?id=480,2,0,Sudah Berjalan,
K-MOODLE-1249,LKP-c61f48fae2,TOEFL Preparation LKP GAZEBO ENGLISH COURSE,https://kursusdaring.kemendikdasmen.go.id/course/view.php?id=1249,2,0,Sudah Berjalan,
K-MOODLE-822,LKP-550b02a652,kursus baru,https://kursusdaring.kemendikdasmen.go.id/course/view.php?id=822,1,0,Sudah Berjalan,
K-MOODLE-703,LKP-bf4a3cc060,kursus baru,https://kursusdaring.kemendikdasmen.go.id/course/view.php?id=703,2,0,Sudah Berjalan,
K-MOODLE-644,LKP-10f15574ce,kursus baru,https://kursusdaring.kemendikdasmen.go.id/course/view.php?id=644,2,0,Sudah Berjalan,
K-MOODLE-1234,LKP-14ac92672b,Kenali Ukuranmu : Dasar Mengukur Tubuh untuk Membuat Pakaian Wanita,https://kursusdaring.kemendikdasmen.go.id/course/view.php?id=1234,2,0,Sudah Berjalan,
K-MOODLE-1252,LKP-560e34faad,IT & Multi Media LP2I Brawijaya,https://kursusdaring.kemendikdasmen.go.id/course/view.php?id=1252,2,0,Sudah Berjalan,
K-MOODLE-1254,LKP-560e34faad,Microsoft Windows LP2I Brawijaya,https://kursusdaring.kemendikdasmen.go.id/course/view.php?id=1254,2,0,Sudah Berjalan,
K-MOODLE-1255,LKP-560e34faad,Microsoft Office Word Media LP2I Brawijaya,https://kursusdaring.kemendikdasmen.go.id/course/view.php?id=1255,2,0,Sudah Berjalan,
K-MOODLE-1256,LKP-560e34faad,Microsoft Office Excel LP2I Brawijaya,https://kursusdaring.kemendikdasmen.go.id/course/view.php?id=1256,2,0,Sudah Berjalan,
K-MOODLE-1257,LKP-560e34faad,Microsoft Office Powerpoint LP2I Brawijaya,https://kursusdaring.kemendikdasmen.go.id/course/view.php?id=1257,2,0,Sudah Berjalan,
K-MOODLE-1258,LKP-560e34faad,Desain Grafis LP2I Brawijaya,https://kursusdaring.kemendikdasmen.go.id/course/view.php?id=1258,2,0,Sudah Berjalan,
K-MOODLE-1259,LKP-560e34faad,Digital Marketing LP2I Brawijaya,https://kursusdaring.kemendikdasmen.go.id/course/view.php?id=1259,2,0,Sudah Berjalan,
K-MOODLE-1260,LKP-560e34faad,IT & Multi Media 2 LP2I Brawijaya,https://kursusdaring.kemendikdasmen.go.id/course/view.php?id=1260,2,0,Sudah Berjalan,
K-MOODLE-485,LKP-40426ddeae,kursus baru,https://kursusdaring.kemendikdasmen.go.id/course/view.php?id=485,2,0,Sudah Berjalan,
K-MOODLE-1235,LKP-4649455929,Celebes International School,https://kursusdaring.kemendikdasmen.go.id/course/view.php?id=1235,2,0,Sudah Berjalan,
K-MOODLE-1104,LKP-dd32b410d9,kursusbaru,https://kursusdaring.kemendikdasmen.go.id/course/view.php?id=1104,2,0,Sudah Berjalan,
K-MOODLE-879,LKP-d68c6c2c03,kursusbaru,https://kursusdaring.kemendikdasmen.go.id/course/view.php?id=879,2,0,Sudah Berjalan,
K-MOODLE-400,LKP-1855cd61a6,Melakukan Perakitan dan Perbaikan Komputer untuk Teknisi Komputer,https://kursusdaring.kemendikdasmen.go.id/course/view.php?id=400,2,0,Sudah Berjalan,
K-MOODLE-429,LKP-043782e36b,kursus baru,https://kursusdaring.kemendikdasmen.go.id/course/view.php?id=429,2,0,Sudah Berjalan,
K-MOODLE-1870,LKP-97f3ab83c6,LKP INKA Kursus Baru,https://kursusdaring.kemendikdasmen.go.id/course/view.php?id=1870,2,0,Sudah Berjalan,
K-MOODLE-1061,LKP-cfc6e5d1f3,First Steps in Hotel English: Receptionist & Guest Services,https://kursusdaring.kemendikdasmen.go.id/course/view.php?id=1061,3,0,Sudah Berjalan,
K-MOODLE-1062,LKP-cfc6e5d1f3,TEKNIK PENYELESAIAN PADA TEPI BUSANA,https://kursusdaring.kemendikdasmen.go.id/course/view.php?id=1062,2,0,Sudah Berjalan,
K-MOODLE-1105,LKP-cfc6e5d1f3,Bahasa Inggris,https://kursusdaring.kemendikdasmen.go.id/course/view.php?id=1105,2,0,Sudah Berjalan,
K-MOODLE-1106,LKP-cfc6e5d1f3,Excel untuk Admin Cerdas: Panduan Praktis dari Nol sampai Mahir,https://kursusdaring.kemendikdasmen.go.id/course/view.php?id=1106,2,0,Sudah Berjalan,
K-MOODLE-1107,LKP-cfc6e5d1f3,Stitch Mastery: Beginner 1.1,https://kursusdaring.kemendikdasmen.go.id/course/view.php?id=1107,2,0,Sudah Berjalan,
K-MOODLE-1108,LKP-cfc6e5d1f3,Digital Fashion Design Menggunakan Smartphone,https://kursusdaring.kemendikdasmen.go.id/course/view.php?id=1108,3,0,Sudah Berjalan,
K-MOODLE-423,LKP-cfc6e5d1f3,MICROSOFT EXCEL (BASIC LEVEL) UNTUK KARYAWAN DAN PENCARI KERJA,https://kursusdaring.kemendikdasmen.go.id/course/view.php?id=423,8,0,Sudah Berjalan,
K-MOODLE-1871,LKP-1be51f614f,Pengasuh dan Bayi LKP Citra Puspa Rini,https://kursusdaring.kemendikdasmen.go.id/course/view.php?id=1871,2,0,Sudah Berjalan,
K-MOODLE-1799,LKP-d0a14c7af5,Desain Kursus Pemula GRATIS,https://kursusdaring.kemendikdasmen.go.id/course/view.php?id=1799,1,0,Sudah Berjalan,
K-MOODLE-500,LKP-d0a14c7af5,kursus baru,https://kursusdaring.kemendikdasmen.go.id/course/view.php?id=500,2,0,Sudah Berjalan,
K-MOODLE-497,LKP-bb617dbb5b,Tata Rias Pengantin Sunda Siger,https://kursusdaring.kemendikdasmen.go.id/course/view.php?id=497,1,0,Sudah Berjalan,
K-MOODLE-690,LKP-b3c4903ffe,Desain Grafis : Pemanfaatan Clip Art Ms. Office 2010 pada Corel Draw,https://kursusdaring.kemendikdasmen.go.id/course/view.php?id=690,2,0,Sudah Berjalan,
K-MOODLE-509,LKP-77dcf2e83c,PEMROGRAMAN WEB DASAR,https://kursusdaring.kemendikdasmen.go.id/course/view.php?id=509,1,0,Sudah Berjalan,
K-MOODLE-1378,LKP-6f18134264,Aplikasi perkantoran LKP Smart College,https://kursusdaring.kemendikdasmen.go.id/course/view.php?id=1378,2,0,Sudah Berjalan,
K-MOODLE-632,LKP-c8b3f1144c,Microsoft Word Untuk Administrasi Perkantoran,https://kursusdaring.kemendikdasmen.go.id/course/view.php?id=632,145,0,Sudah Berjalan,
K-MOODLE-716,LKP-c8b3f1144c,Jago Microsoft Excel Dalam Waktu Singkat,https://kursusdaring.kemendikdasmen.go.id/course/view.php?id=716,56,0,Sudah Berjalan,
K-MOODLE-813,LKP-c8b3f1144c,"""Kreatifitas Tanpa Batas :  Belajar PowerPoint untuk Bisnis dan Pendidikan""",https://kursusdaring.kemendikdasmen.go.id/course/view.php?id=813,1,0,Sudah Berjalan,
K-MOODLE-814,LKP-c8b3f1144c,Menyusun Strategi Pembuatan Bengkel,https://kursusdaring.kemendikdasmen.go.id/course/view.php?id=814,1,0,Sudah Berjalan,
K-MOODLE-815,LKP-c8b3f1144c,Digital Marketing Untuk UMKM,https://kursusdaring.kemendikdasmen.go.id/course/view.php?id=815,1,0,Sudah Berjalan,
K-MOODLE-816,LKP-c8b3f1144c,Membuat Brosur Digital Dengan Canva,https://kursusdaring.kemendikdasmen.go.id/course/view.php?id=816,1,0,Sudah Berjalan,
K-MOODLE-817,LKP-c8b3f1144c,Dasar Pembuatan Desain Grafis Yang Efektif,https://kursusdaring.kemendikdasmen.go.id/course/view.php?id=817,1,0,Sudah Berjalan,
K-MOODLE-650,LKP-3472ec7ff7,KURSUS DIGITAL MARKETING,https://kursusdaring.kemendikdasmen.go.id/course/view.php?id=650,5,0,Sudah Berjalan,
K-MOODLE-819,LKP-dbcf68da15,kursus baru,https://kursusdaring.kemendikdasmen.go.id/course/view.php?id=819,2,0,Sudah Berjalan,
K-MOODLE-2037,LKP-8767dec080,"Desain Grafis Percetakan, LKP Suvi Training",https://kursusdaring.kemendikdasmen.go.id/course/view.php?id=2037,2,0,Sudah Berjalan,
K-MOODLE-1112,LKP-53baafd646,Office Tools untuk Administrasi Perkantoran Modern,https://kursusdaring.kemendikdasmen.go.id/course/view.php?id=1112,2,0,Sudah Berjalan,
K-MOODLE-359,LKP-53baafd646,Administrasi Perkantoran,https://kursusdaring.kemendikdasmen.go.id/course/view.php?id=359,2,0,Sudah Berjalan,
K-MOODLE-358,LKP-8a2b4dc543,kursus baru,https://kursusdaring.kemendikdasmen.go.id/course/view.php?id=358,2,0,Sudah Berjalan,
K-MOODLE-373,LKP-a2bd3d2bb5,kursus baru,https://kursusdaring.kemendikdasmen.go.id/course/view.php?id=373,2,0,Sudah Berjalan,
K-MOODLE-339,LKP-a75ef281eb,Belajar Rias Wajah dan Tata Hijab Pengantin Muslim,https://kursusdaring.kemendikdasmen.go.id/course/view.php?id=339,82,0,Sudah Berjalan,
K-MOODLE-374,LKP-b006cccb4b,LKP IRA,https://kursusdaring.kemendikdasmen.go.id/course/view.php?id=374,3,0,Sudah Berjalan,
K-MOODLE-362,LKP-9a12489003,kursus baru,https://kursusdaring.kemendikdasmen.go.id/course/view.php?id=362,2,0,Sudah Berjalan,
K-MOODLE-353,LKP-ec0f809cd2,kursus baru,https://kursusdaring.kemendikdasmen.go.id/course/view.php?id=353,2,0,Sudah Berjalan,
K-MOODLE-556,LKP-d4e44f433a,Tata Kecantikan Rambut Lev.II,https://kursusdaring.kemendikdasmen.go.id/course/view.php?id=556,2,0,Sudah Berjalan,
K-MOODLE-579,LKP-b29fe1058f,kursus baru,https://kursusdaring.kemendikdasmen.go.id/course/view.php?id=579,2,0,Sudah Berjalan,
K-MOODLE-540,LKP-4a48ff6c5f,Belajar Desain Grafis,https://kursusdaring.kemendikdasmen.go.id/course/view.php?id=540,1,0,Sudah Berjalan,
K-MOODLE-583,LKP-c6feca00f8,kursus baru,https://kursusdaring.kemendikdasmen.go.id/course/view.php?id=583,2,0,Sudah Berjalan,
K-MOODLE-580,LKP-d0476cbccd,kursus baru,https://kursusdaring.kemendikdasmen.go.id/course/view.php?id=580,2,0,Sudah Berjalan,
K-MOODLE-574,LKP-a78dcc3915,Seni Tari Tradisional,https://kursusdaring.kemendikdasmen.go.id/course/view.php?id=574,2,0,Sudah Berjalan,
K-MOODLE-529,LKP-4f2c41af55,kursus baru,https://kursusdaring.kemendikdasmen.go.id/course/view.php?id=529,1,0,Sudah Berjalan,
K-MOODLE-570,LKP-a49695440e,kursus baru,https://kursusdaring.kemendikdasmen.go.id/course/view.php?id=570,2,0,Sudah Berjalan,
K-MOODLE-541,LKP-139964afdd,kursus baru,https://kursusdaring.kemendikdasmen.go.id/course/view.php?id=541,1,0,Sudah Berjalan,
K-MOODLE-528,LKP-a3b8fd5f22,kursus baru,https://kursusdaring.kemendikdasmen.go.id/course/view.php?id=528,2,0,Sudah Berjalan,
K-MOODLE-571,LKP-d8d6f15b68,kursus baru,https://kursusdaring.kemendikdasmen.go.id/course/view.php?id=571,2,0,Sudah Berjalan,
K-MOODLE-588,LKP-326673704a,LKP APHRODITE,https://kursusdaring.kemendikdasmen.go.id/course/view.php?id=588,1,0,Sudah Berjalan,
K-MOODLE-582,LKP-0682bd39c9,kursus baru,https://kursusdaring.kemendikdasmen.go.id/course/view.php?id=582,2,0,Sudah Berjalan,
K-MOODLE-1242,LKP-e38ec3ac66,Merancang Desain Interior dengan AutoCAD,https://kursusdaring.kemendikdasmen.go.id/course/view.php?id=1242,2,0,Sudah Berjalan,
K-MOODLE-573,LKP-e38ec3ac66,kursus baru,https://kursusdaring.kemendikdasmen.go.id/course/view.php?id=573,2,0,Sudah Berjalan,
K-MOODLE-581,LKP-eb57cc50c4,kursus baru,https://kursusdaring.kemendikdasmen.go.id/course/view.php?id=581,2,0,Sudah Berjalan,
K-MOODLE-837,LKP-2cf210210f,kursus baru,https://kursusdaring.kemendikdasmen.go.id/course/view.php?id=837,2,0,Sudah Berjalan,
K-MOODLE-575,LKP-b12a5e1f4e,Tata Rias Pengantin,https://kursusdaring.kemendikdasmen.go.id/course/view.php?id=575,2,0,Sudah Berjalan,
K-MOODLE-589,LKP-0a6de94e29,kursus baru,https://kursusdaring.kemendikdasmen.go.id/course/view.php?id=589,1,0,Sudah Berjalan,
K-MOODLE-609,LKP-ba9852334b,kursus baru,https://kursusdaring.kemendikdasmen.go.id/course/view.php?id=609,2,0,Sudah Berjalan,
K-MOODLE-584,LKP-c828afd7b5,kursus baru,https://kursusdaring.kemendikdasmen.go.id/course/view.php?id=584,2,0,Sudah Berjalan,
K-MOODLE-568,LKP-19db432248,Lembaga Kursus dan Pelatihan Dhini,https://kursusdaring.kemendikdasmen.go.id/course/view.php?id=568,2,0,Sudah Berjalan,
K-MOODLE-576,LKP-bc81174001,kursus baru,https://kursusdaring.kemendikdasmen.go.id/course/view.php?id=576,2,0,Sudah Berjalan,
K-MOODLE-413,LKP-a4ff454675,"P2BN - KURSUS DESAIN GRAFIS ""Belajar Adobe Photoshop dari awal hingga mahir""",https://kursusdaring.kemendikdasmen.go.id/course/view.php?id=413,130,0,Sudah Berjalan,
K-MOODLE-458,LKP-a4ff454675,LKP Pendidikan Profesi Bakti Nusantara (P2BN),https://kursusdaring.kemendikdasmen.go.id/course/view.php?id=458,2,0,Sudah Berjalan,
K-MOODLE-2274,LKP-6770683196,Cantik Natural Setiap Hari: Kursus Makeup Sehari-hari untuk Pemula,https://kursusdaring.kemendikdasmen.go.id/course/view.php?id=2274,2,0,Sudah Berjalan,
K-MOODLE-343,LKP-6770683196,Tata Rias Pengantin Muslim,https://kursusdaring.kemendikdasmen.go.id/course/view.php?id=343,2,0,Sudah Berjalan,
K-MOODLE-356,LKP-855658c670,kursus baru,https://kursusdaring.kemendikdasmen.go.id/course/view.php?id=356,2,0,Sudah Berjalan,
K-MOODLE-396,LKP-e2c1fdf9cc,kursus baru,https://kursusdaring.kemendikdasmen.go.id/course/view.php?id=396,2,0,Sudah Berjalan,
K-MOODLE-1096,LKP-ea58ebac7e,kursusbaru LPBM PEMBINA,https://kursusdaring.kemendikdasmen.go.id/course/view.php?id=1096,2,0,Sudah Berjalan,
K-MOODLE-357,LKP-a6c3d916b9,kursus baru,https://kursusdaring.kemendikdasmen.go.id/course/view.php?id=357,2,0,Sudah Berjalan,
K-MOODLE-341,LKP-a75db08411,TEST LPIA-EPT (TOEFL®),https://kursusdaring.kemendikdasmen.go.id/course/view.php?id=341,4,0,Sudah Berjalan,
K-MOODLE-1064,LKP-d803faaa36,Pekarya Kesehatan,https://kursusdaring.kemendikdasmen.go.id/course/view.php?id=1064,3,0,Sudah Berjalan,
K-MOODLE-677,LKP-d9f9bd2b31,kursus baru,https://kursusdaring.kemendikdasmen.go.id/course/view.php?id=677,2,0,Sudah Berjalan,
K-MOODLE-631,LKP-7720d18da6,PROGLAT DARING CUSTOMER SERVICE,https://kursusdaring.kemendikdasmen.go.id/course/view.php?id=631,2,0,Sudah Berjalan,
K-MOODLE-593,LKP-2552e09439,kursus baru,https://kursusdaring.kemendikdasmen.go.id/course/view.php?id=593,2,0,Sudah Berjalan,
K-MOODLE-2063,LKP-f0eeb0bb4f,Pemograman Web Dasar - School Computer Training,https://kursusdaring.kemendikdasmen.go.id/course/view.php?id=2063,2,0,Sudah Berjalan,
K-MOODLE-788,LKP-8931effa64,kursus baru,https://kursusdaring.kemendikdasmen.go.id/course/view.php?id=788,2,0,Sudah Berjalan,
K-MOODLE-2034,LKP-4f2852b069,Desain grafis dan aplikasi perkantoran LKP EKKLESIA KOMPUTER,https://kursusdaring.kemendikdasmen.go.id/course/view.php?id=2034,2,0,Sudah Berjalan,
K-MOODLE-2045,LKP-4f2852b069,Mengelola dokumen perusahaan dengan Microsof Word,https://kursusdaring.kemendikdasmen.go.id/course/view.php?id=2045,2,0,Sudah Berjalan,
K-MOODLE-2046,LKP-4f2852b069,Mahir Presentasi Bisnis dengan Microsoft Power Point,https://kursusdaring.kemendikdasmen.go.id/course/view.php?id=2046,2,0,Sudah Berjalan,
K-MOODLE-2047,LKP-4f2852b069,Microsfot Ecel untuk perkantoran dan Profesional,https://kursusdaring.kemendikdasmen.go.id/course/view.php?id=2047,2,0,Sudah Berjalan,
K-MOODLE-2048,LKP-4f2852b069,Desain Grafis dengan Coreldraw bagi Perancang Grafis,https://kursusdaring.kemendikdasmen.go.id/course/view.php?id=2048,2,0,Sudah Berjalan,
K-MOODLE-2049,LKP-4f2852b069,Menjadi editor Profesional dengan Photoshop,https://kursusdaring.kemendikdasmen.go.id/course/view.php?id=2049,2,0,Sudah Berjalan,
K-MOODLE-2040,LKP-e560b52a60,"Kelas jago word - Aplikasi Perkantoran, California Computer",https://kursusdaring.kemendikdasmen.go.id/course/view.php?id=2040,2,0,Sudah Berjalan,
K-MOODLE-2041,LKP-e560b52a60,Cara Praktis Belajar Excel - Aplikasi Perkantoran - California Computer,https://kursusdaring.kemendikdasmen.go.id/course/view.php?id=2041,2,0,Sudah Berjalan,
K-MOODLE-2042,LKP-e560b52a60,Belajar Presntasi keren dengan Power Point - Aplikasi Perkantoran,https://kursusdaring.kemendikdasmen.go.id/course/view.php?id=2042,2,0,Sudah Berjalan,
K-MOODLE-2043,LKP-e560b52a60,"Belajar Adobe Photoshop dari Nol, Panduan lengpak bagi pemula - Desain Grafis",https://kursusdaring.kemendikdasmen.go.id/course/view.php?id=2043,2,0,Sudah Berjalan,
K-MOODLE-519,LKP-850b82fddc,kursus baru,https://kursusdaring.kemendikdasmen.go.id/course/view.php?id=519,2,0,Sudah Berjalan,
K-MOODLE-793,LKP-2011559640,Komputer Aplikasi Perkantoran,https://kursusdaring.kemendikdasmen.go.id/course/view.php?id=793,2,0,Sudah Berjalan,
K-MOODLE-643,LKP-7010614642,Berlatih Edit Foto untuk Perancang Grafis,https://kursusdaring.kemendikdasmen.go.id/course/view.php?id=643,3,0,Sudah Berjalan,
K-MOODLE-763,LKP-f1e055979c,kursus baru,https://kursusdaring.kemendikdasmen.go.id/course/view.php?id=763,2,0,Sudah Berjalan,
K-MOODLE-619,LKP-23a21c378c,Kursus fotografi,https://kursusdaring.kemendikdasmen.go.id/course/view.php?id=619,62,0,Sudah Berjalan,
K-MOODLE-450,LKP-b038ac20d0,kursus baru,https://kursusdaring.kemendikdasmen.go.id/course/view.php?id=450,1,0,Sudah Berjalan,
K-MOODLE-441,LKP-bd9f9dc1d2,kursus baru,https://kursusdaring.kemendikdasmen.go.id/course/view.php?id=441,1,0,Sudah Berjalan,
K-MOODLE-1091,LKP-1a993ea6bb,Dari Pemula Jadi Paham: Panduan Singkat Microsoft Excel,https://kursusdaring.kemendikdasmen.go.id/course/view.php?id=1091,2,0,Sudah Berjalan,
K-MOODLE-617,LKP-71f2d42849,kursus baru,https://kursusdaring.kemendikdasmen.go.id/course/view.php?id=617,2,0,Sudah Berjalan,
K-MOODLE-1240,LKP-c3832759ea,Berkomunikasi Bahasa Inggris untuk Staff Perkantoran Umum,https://kursusdaring.kemendikdasmen.go.id/course/view.php?id=1240,5,0,Sudah Berjalan,
K-MOODLE-1387,LKP-d246433ca2,Administrasi Perkantoran Dasar LKP Webmedia Training Center,https://kursusdaring.kemendikdasmen.go.id/course/view.php?id=1387,2,0,Sudah Berjalan,
K-MOODLE-391,LKP-2eaf33af2e,English for Hotel,https://kursusdaring.kemendikdasmen.go.id/course/view.php?id=391,2,0,Sudah Berjalan,
K-MOODLE-671,LKP-907b726bde,Operator Komputer,https://kursusdaring.kemendikdasmen.go.id/course/view.php?id=671,2,0,Sudah Berjalan,
K-MOODLE-1237,LKP-f4df31f872,LKP ANDINI,https://kursusdaring.kemendikdasmen.go.id/course/view.php?id=1237,1,0,Sudah Berjalan,
K-MOODLE-662,LKP-a737d9b10e,TATA RIAS PENGANTIN BUGIS,https://kursusdaring.kemendikdasmen.go.id/course/view.php?id=662,18,0,Sudah Berjalan,
K-MOODLE-638,LKP-c6282c3502,Kursus Tata Boga,https://kursusdaring.kemendikdasmen.go.id/course/view.php?id=638,2,0,Sudah Berjalan,
K-MOODLE-595,LKP-5a59776e63,Kursus Komputer Aplikasi Perkantoran Siap Kerja,https://kursusdaring.kemendikdasmen.go.id/course/view.php?id=595,3,0,Sudah Berjalan,
K-MOODLE-601,LKP-921a749cd3,kursus baru,https://kursusdaring.kemendikdasmen.go.id/course/view.php?id=601,1,0,Sudah Berjalan,
K-MOODLE-1060,LKP-54a28befe3,Menjadi Asisten Stylish Busana dengan Ibis Paint X - LKP A'NUR,https://kursusdaring.kemendikdasmen.go.id/course/view.php?id=1060,20,0,Sudah Berjalan,
K-MOODLE-445,LKP-54a28befe3,Membuat Pola & Menjahit Rok A-Line - LKP A'NUR,https://kursusdaring.kemendikdasmen.go.id/course/view.php?id=445,23,0,Sudah Berjalan,
K-MOODLE-2089,LKP-d98a87fe0b,Menyusun Surat dengan Microsoft Word untuk Seketaris,https://kursusdaring.kemendikdasmen.go.id/course/view.php?id=2089,2,0,Sudah Berjalan,
K-MOODLE-444,LKP-d98a87fe0b,Membuat Desain Logo Dengan Adobe Illustrator Bagi Perancang Grafis,https://kursusdaring.kemendikdasmen.go.id/course/view.php?id=444,5,0,Sudah Berjalan,
K-MOODLE-1639,LKP-96094cc46f,Komputer LPK PEMBANGUNAN,https://kursusdaring.kemendikdasmen.go.id/course/view.php?id=1639,1,0,Sudah Berjalan,
K-MOODLE-475,LKP-96094cc46f,Internet Of Things Dasar SmartHome,https://kursusdaring.kemendikdasmen.go.id/course/view.php?id=475,3,0,Sudah Berjalan,
K-MOODLE-477,LKP-d3065e3b6a,Menjadi Content Writer Pemula secara Mudah,https://kursusdaring.kemendikdasmen.go.id/course/view.php?id=477,2,0,Sudah Berjalan,
K-MOODLE-1114,LKP-d8726b6011,Master of Ceremony,https://kursusdaring.kemendikdasmen.go.id/course/view.php?id=1114,17,0,Sudah Berjalan,
K-MOODLE-1059,LKP-221c21d694,Microsoft Excel Lanjutan Bagi Petugas Data Entry,https://kursusdaring.kemendikdasmen.go.id/course/view.php?id=1059,5,0,Sudah Berjalan,
K-MOODLE-1373,LKP-221c21d694,Membuat Rajutan Dengan Tangan bagi Pengrajin Tekstil,https://kursusdaring.kemendikdasmen.go.id/course/view.php?id=1373,1,0,Sudah Berjalan,
K-MOODLE-1521,LKP-221c21d694,Menjahit model-model Blouse bagi tukang jahit,https://kursusdaring.kemendikdasmen.go.id/course/view.php?id=1521,3,0,Sudah Berjalan,
K-MOODLE-1536,LKP-221c21d694,Membuat pola digital dengan Aplikasi Richpeace bagi Pattern Maker,https://kursusdaring.kemendikdasmen.go.id/course/view.php?id=1536,2,0,Sudah Berjalan,
K-MOODLE-1550,LKP-221c21d694,Memproduksi Sprei Set Aesthetic bagi Tukang Jahit,https://kursusdaring.kemendikdasmen.go.id/course/view.php?id=1550,2,0,Sudah Berjalan,
K-MOODLE-469,LKP-221c21d694,Menjahit Model-Model Headband Bagi Tukang Jahit,https://kursusdaring.kemendikdasmen.go.id/course/view.php?id=469,12,0,Sudah Berjalan,
K-MOODLE-468,LKP-896bb2edb3,kursus baru,https://kursusdaring.kemendikdasmen.go.id/course/view.php?id=468,2,0,Sudah Berjalan,
K-MOODLE-390,LKP-fdf41ea07e,"Kursus TIK, Bahasa, Akuntansi dan BIMBEL",https://kursusdaring.kemendikdasmen.go.id/course/view.php?id=390,1,0,Sudah Berjalan,
K-MOODLE-449,LKP-018a2529dd,kursus baru,https://kursusdaring.kemendikdasmen.go.id/course/view.php?id=449,2,0,Sudah Berjalan,
K-MOODLE-1097,LKP-6e6cad8a13,kursusbaru-02,https://kursusdaring.kemendikdasmen.go.id/course/view.php?id=1097,2,0,Sudah Berjalan,
K-MOODLE-1098,LKP-6e6cad8a13,kursusbaru-03,https://kursusdaring.kemendikdasmen.go.id/course/view.php?id=1098,2,0,Sudah Berjalan,
K-MOODLE-1099,LKP-6e6cad8a13,kursusbaru-04,https://kursusdaring.kemendikdasmen.go.id/course/view.php?id=1099,2,0,Sudah Berjalan,
K-MOODLE-1100,LKP-6e6cad8a13,kursusdaring-05,https://kursusdaring.kemendikdasmen.go.id/course/view.php?id=1100,2,0,Sudah Berjalan,
K-MOODLE-2095,LKP-6e6cad8a13,PELITA INKLUSI,https://kursusdaring.kemendikdasmen.go.id/course/view.php?id=2095,1,0,Sudah Berjalan,
K-MOODLE-637,LKP-6e6cad8a13,General English Level A1,https://kursusdaring.kemendikdasmen.go.id/course/view.php?id=637,2,0,Sudah Berjalan,
K-MOODLE-1262,LKP-ba3c6e42bb,Lego Robotika ROBOKidz,https://kursusdaring.kemendikdasmen.go.id/course/view.php?id=1262,2,0,Sudah Berjalan,
K-MOODLE-330,LKP-9408320e40,SOP Pijat Akupresur Relaksasi Tubuh dan Wajah,https://kursusdaring.kemendikdasmen.go.id/course/view.php?id=330,17,0,Sudah Berjalan,
K-MOODLE-719,LKP-9408320e40,TEKNIK PIJAT REFLEKSI,https://kursusdaring.kemendikdasmen.go.id/course/view.php?id=719,5,0,Sudah Berjalan,
K-MOODLE-720,LKP-9408320e40,SOP PIJAT REFLEKSI RELAKSASI TUBUH,https://kursusdaring.kemendikdasmen.go.id/course/view.php?id=720,4,0,Sudah Berjalan,
K-MOODLE-735,LKP-9408320e40,AKUPRESUR WAJAH UNTUK RELAKSASI DAN KESEHATAN,https://kursusdaring.kemendikdasmen.go.id/course/view.php?id=735,4,0,Sudah Berjalan,
K-MOODLE-767,LKP-9408320e40,Akupresur Untuk Mengurangi Keluhan Pada Wanita,https://kursusdaring.kemendikdasmen.go.id/course/view.php?id=767,3,0,Sudah Berjalan,
K-MOODLE-768,LKP-9408320e40,Akupresur Untuk Mengurangi Keluhan Pada Wanita,https://kursusdaring.kemendikdasmen.go.id/course/view.php?id=768,3,0,Sudah Berjalan,
K-MOODLE-804,LKP-9408320e40,Akupresur Untuk Mengurangi Keluhan Pada Bayi dan Anak-anak,https://kursusdaring.kemendikdasmen.go.id/course/view.php?id=804,1,0,Sudah Berjalan,
K-MOODLE-844,LKP-9408320e40,Pengenalan Teori Dasar Ilmu Pengobatan Timur (TCM),https://kursusdaring.kemendikdasmen.go.id/course/view.php?id=844,1,0,Sudah Berjalan,
K-MOODLE-379,LKP-b4662eaed7,kursus baru,https://kursusdaring.kemendikdasmen.go.id/course/view.php?id=379,2,0,Sudah Berjalan,
K-MOODLE-784,LKP-6be17243e7,kursus baru,https://kursusdaring.kemendikdasmen.go.id/course/view.php?id=784,2,0,Sudah Berjalan,
K-MOODLE-782,LKP-341bea53db,kursus baru,https://kursusdaring.kemendikdasmen.go.id/course/view.php?id=782,2,0,Sudah Berjalan,
K-MOODLE-798,LKP-b44742e44c,kursus baru,https://kursusdaring.kemendikdasmen.go.id/course/view.php?id=798,1,0,Sudah Berjalan,
K-MOODLE-783,LKP-f3b11f3052,kursus baru,https://kursusdaring.kemendikdasmen.go.id/course/view.php?id=783,1,0,Sudah Berjalan,
K-MOODLE-513,LKP-4e15f3784b,Teknik Belajar Microsoft Word hanya 5 hari,https://kursusdaring.kemendikdasmen.go.id/course/view.php?id=513,53,0,Sudah Berjalan,
K-MOODLE-748,LKP-4e15f3784b,Membuat Game Edukasi SD Melalui Articulate Storyline,https://kursusdaring.kemendikdasmen.go.id/course/view.php?id=748,1,0,Sudah Berjalan,
K-MOODLE-749,LKP-4e15f3784b,Cara Mudah Belajar Game Edukasi,https://kursusdaring.kemendikdasmen.go.id/course/view.php?id=749,1,0,Sudah Berjalan,
K-MOODLE-795,LKP-83f3e0d118,kursus baru,https://kursusdaring.kemendikdasmen.go.id/course/view.php?id=795,1,0,Sudah Berjalan,
K-MOODLE-2267,LKP-e5e1373ecd,Pemula Jadi Paham: Panduan Singkat Microsoft Word,https://kursusdaring.kemendikdasmen.go.id/course/view.php?id=2267,2,0,Sudah Berjalan,
K-MOODLE-337,LKP-25c1a44546,Membuat Iklan Produk Bagi Pegiat UMKM,https://kursusdaring.kemendikdasmen.go.id/course/view.php?id=337,6,0,Sudah Berjalan,
K-MOODLE-1040,LKP-231bd8d694,Kursus Web Programming Dasar LP3I Tasikmalaya,https://kursusdaring.kemendikdasmen.go.id/course/view.php?id=1040,1,0,Sudah Berjalan,
K-MOODLE-466,LKP-aeb796a340,Daur Ulang Limbah Tekstil Bagi Recycling Worker,https://kursusdaring.kemendikdasmen.go.id/course/view.php?id=466,2,0,Sudah Berjalan,
K-MOODLE-2211,LKP-be0f366267,Kursus Baru LKP ASTIKA,https://kursusdaring.kemendikdasmen.go.id/course/view.php?id=2211,2,0,Sudah Berjalan,
K-MOODLE-781,LKP-94c19e3b4b,kursus baru,https://kursusdaring.kemendikdasmen.go.id/course/view.php?id=781,2,0,Sudah Berjalan,
K-MOODLE-840,LKP-643f74b6b5,Kursus Baru,https://kursusdaring.kemendikdasmen.go.id/course/view.php?id=840,2,0,Sudah Berjalan,
K-MOODLE-633,LKP-54c7d70fd9,Aplikasi Perkantoran,https://kursusdaring.kemendikdasmen.go.id/course/view.php?id=633,2,0,Sudah Berjalan,
K-MOODLE-506,LKP-b43b71ae36,kursus baru,https://kursusdaring.kemendikdasmen.go.id/course/view.php?id=506,2,0,Sudah Berjalan,
K-MOODLE-347,LKP-511a708263,kursus baru,https://kursusdaring.kemendikdasmen.go.id/course/view.php?id=347,1,0,Sudah Berjalan,
K-MOODLE-427,LKP-fd783a3919,PENGENALAN TEKNIK DASAR PIJAT REFLEKSI LEVEL 2,https://kursusdaring.kemendikdasmen.go.id/course/view.php?id=427,2,0,Sudah Berjalan,
K-MOODLE-2217,LKP-ec1c734bf6,Kursus Aplikasi Perkantoran LKP ERA MEGA ILMU,https://kursusdaring.kemendikdasmen.go.id/course/view.php?id=2217,2,0,Sudah Berjalan,
K-MOODLE-404,LKP-c3f1d64404,kursus baru,https://kursusdaring.kemendikdasmen.go.id/course/view.php?id=404,2,0,Sudah Berjalan,
K-MOODLE-398,LKP-f90f5daf34,kursus baru,https://kursusdaring.kemendikdasmen.go.id/course/view.php?id=398,2,0,Sudah Berjalan,
K-MOODLE-2019,LKP-41a7b54ac2,Mengemudi Kendaraan Bermotor Angkutan Orang LKP INDERA,https://kursusdaring.kemendikdasmen.go.id/course/view.php?id=2019,1,0,Sudah Berjalan,
K-MOODLE-2270,LKP-6fad78a031,Kursus Daring “Pemula jago bahasa korea”,https://kursusdaring.kemendikdasmen.go.id/course/view.php?id=2270,2,0,Sudah Berjalan,
K-MOODLE-521,LKP-054956ac35,CARA CEPAT MAHIR BAHASA KOREA,https://kursusdaring.kemendikdasmen.go.id/course/view.php?id=521,2,0,Sudah Berjalan,
K-MOODLE-406,LKP-a9577f54e7,kursus baru,https://kursusdaring.kemendikdasmen.go.id/course/view.php?id=406,2,0,Sudah Berjalan,
K-MOODLE-835,LKP-43cfa6b67f,kursus baru,https://kursusdaring.kemendikdasmen.go.id/course/view.php?id=835,2,0,Sudah Berjalan,
K-MOODLE-1111,LKP-3a7079c0d4,kursusbaru,https://kursusdaring.kemendikdasmen.go.id/course/view.php?id=1111,2,0,Sudah Berjalan,
K-MOODLE-667,LKP-2c521e8f71,kursus baru,https://kursusdaring.kemendikdasmen.go.id/course/view.php?id=667,2,0,Sudah Berjalan,
K-MOODLE-821,LKP-47c7b67d04,Membuat Web Desain dengan Canva,https://kursusdaring.kemendikdasmen.go.id/course/view.php?id=821,2,0,Sudah Berjalan,
K-MOODLE-670,LKP-5b8941f640,Perawatan Sepeda Motor Injeksi,https://kursusdaring.kemendikdasmen.go.id/course/view.php?id=670,2,0,Sudah Berjalan,
K-MOODLE-492,LKP-ff94e16e44,kursus baru,https://kursusdaring.kemendikdasmen.go.id/course/view.php?id=492,2,0,Sudah Berjalan,
K-MOODLE-566,LKP-dc192e3c29,kursus baru,https://kursusdaring.kemendikdasmen.go.id/course/view.php?id=566,2,0,Sudah Berjalan,
K-MOODLE-639,LKP-f2610a733a,LKP EVERGREEN ENGLISH COURSE,https://kursusdaring.kemendikdasmen.go.id/course/view.php?id=639,1,0,Sudah Berjalan,
K-MOODLE-726,LKP-e40d565fdf,Hazard Analysis Critical Control Points (HACCP),https://kursusdaring.kemendikdasmen.go.id/course/view.php?id=726,57,0,Sudah Berjalan,
K-MOODLE-452,LKP-9d27e740e8,Belajar Menguasai Teknik Pewarnaan Rambut [LKP House of Learning],https://kursusdaring.kemendikdasmen.go.id/course/view.php?id=452,13,0,Sudah Berjalan,
K-MOODLE-721,LKP-9d27e740e8,Belajar Bahasa Inggris Untuk Menjadi Pramuwisata [LKP House of Learning],https://kursusdaring.kemendikdasmen.go.id/course/view.php?id=721,27,0,Sudah Berjalan,
K-MOODLE-724,LKP-9d27e740e8,Mengelola Hardware Dan Administrasi Teknik Sebagai Teknisi Komputer [LKP House of Learning],https://kursusdaring.kemendikdasmen.go.id/course/view.php?id=724,15,0,Sudah Berjalan,
K-MOODLE-737,LKP-9d27e740e8,Membuat Desain Grafis untuk menjadi Perancang Grafis [LKP House of Learning],https://kursusdaring.kemendikdasmen.go.id/course/view.php?id=737,61,0,Sudah Berjalan,
K-MOODLE-867,LKP-9d27e740e8,Mengelola Berbagai Risiko bagi Risk Management [LKP House of Learning],https://kursusdaring.kemendikdasmen.go.id/course/view.php?id=867,8,0,Sudah Berjalan,
K-MOODLE-868,LKP-9d27e740e8,Strategi dalam Membangun Citra Perusahaan bagi Manajer Brand [LKP House of Learning]],https://kursusdaring.kemendikdasmen.go.id/course/view.php?id=868,4,0,Sudah Berjalan,
K-MOODLE-869,LKP-9d27e740e8,Meningkatkan Kemampuan Berbahasa Inggris bagi Resepsionis[LKP House of Learning],https://kursusdaring.kemendikdasmen.go.id/course/view.php?id=869,2,0,Sudah Berjalan,
K-MOODLE-871,LKP-9d27e740e8,Chinese Basic Foundation (English/Indonesian Explanation)[LKP House of Learning],https://kursusdaring.kemendikdasmen.go.id/course/view.php?id=871,3,0,Sudah Berjalan,
K-MOODLE-872,LKP-9d27e740e8,Mandarin HSK 1 Chapter 1-5 (English/Indonesian explanation) [LKP House of Learning],https://kursusdaring.kemendikdasmen.go.id/course/view.php?id=872,2,0,Sudah Berjalan,
K-MOODLE-873,LKP-9d27e740e8,Mandarin HSK 1 Chapter 6-10 (English/Indonesian Explanation)[LKP House of Learning[,https://kursusdaring.kemendikdasmen.go.id/course/view.php?id=873,2,0,Sudah Berjalan,
K-MOODLE-615,LKP-e179cc205d,Junior Terapis SPA,https://kursusdaring.kemendikdasmen.go.id/course/view.php?id=615,2,0,Sudah Berjalan,
K-MOODLE-1038,LKP-89117be1d0,kursusbaru,https://kursusdaring.kemendikdasmen.go.id/course/view.php?id=1038,2,0,Sudah Berjalan,
K-MOODLE-2050,LKP-81ef25a897,Kursus Bahasa Inggris - DEC,https://kursusdaring.kemendikdasmen.go.id/course/view.php?id=2050,2,0,Sudah Berjalan,
K-MOODLE-537,LKP-7952adbd21,kursus baru,https://kursusdaring.kemendikdasmen.go.id/course/view.php?id=537,2,0,Sudah Berjalan,
K-MOODLE-2023,LKP-212a422973,Bekal kerja kantoran : Belajar Microsoft Office secara Praktis : Prima Bangsa Cianjur,https://kursusdaring.kemendikdasmen.go.id/course/view.php?id=2023,30,0,Sudah Berjalan,
K-MOODLE-2081,LKP-212a422973,Desain Grafis Basic : Skill Awal Masuk Dunia Kreatif,https://kursusdaring.kemendikdasmen.go.id/course/view.php?id=2081,6,0,Sudah Berjalan,
K-MOODLE-597,LKP-3e3563621b,"PERHOTELAN (FO, HK, + F&B SERVICES)",https://kursusdaring.kemendikdasmen.go.id/course/view.php?id=597,10,0,Sudah Berjalan,
K-MOODLE-697,LKP-3f13953a74,kursus baru,https://kursusdaring.kemendikdasmen.go.id/course/view.php?id=697,1,0,Sudah Berjalan,
K-MOODLE-2127,LKP-97fdd47b36,Design Your Skirt : Teknik Mudah Membuat Rok,https://kursusdaring.kemendikdasmen.go.id/course/view.php?id=2127,2,0,Sudah Berjalan,
K-MOODLE-586,LKP-d80647fd7a,kursus baru,https://kursusdaring.kemendikdasmen.go.id/course/view.php?id=586,2,0,Sudah Berjalan,
K-MOODLE-448,LKP-d1f5fa1e80,kursus baru,https://kursusdaring.kemendikdasmen.go.id/course/view.php?id=448,1,0,Sudah Berjalan,
K-MOODLE-381,LKP-3f9bcef756,kursus baru,https://kursusdaring.kemendikdasmen.go.id/course/view.php?id=381,2,0,Sudah Berjalan,
K-MOODLE-447,LKP-b0053f9ad0,kursus baru,https://kursusdaring.kemendikdasmen.go.id/course/view.php?id=447,1,0,Sudah Berjalan,
K-MOODLE-1386,LKP-ba945b472d,P4K EVNIKOM Kursus komputer,https://kursusdaring.kemendikdasmen.go.id/course/view.php?id=1386,2,0,Sudah Berjalan,
K-MOODLE-507,LKP-d98d02a78f,KURSUS DESAIN GRAFIS LKP SEWUCOMP COMPUTER,https://kursusdaring.kemendikdasmen.go.id/course/view.php?id=507,35,0,Sudah Berjalan,
K-MOODLE-725,LKP-d98d02a78f,Kursus Daring Jaringan Komputer LKP SEWUCOMP COMPUTER,https://kursusdaring.kemendikdasmen.go.id/course/view.php?id=725,102,0,Sudah Berjalan,
K-MOODLE-334,LKP-e9c32629e2,Membuat Website dengan CMS,https://kursusdaring.kemendikdasmen.go.id/course/view.php?id=334,2,0,Sudah Berjalan,
K-MOODLE-459,LKP-e9c32629e2,Belajar Pemrograman PHP dan Bootstrap,https://kursusdaring.kemendikdasmen.go.id/course/view.php?id=459,1,0,Sudah Berjalan,
K-MOODLE-1046,LKP-af534a6f78,kursusbaru - LKP IFO,https://kursusdaring.kemendikdasmen.go.id/course/view.php?id=1046,2,0,Sudah Berjalan,
K-MOODLE-493,LKP-11b7ec6833,Kids Programming,https://kursusdaring.kemendikdasmen.go.id/course/view.php?id=493,1,0,Sudah Berjalan,
K-MOODLE-443,LKP-731d7be71e,Hospitality Industries Bidang Barista,https://kursusdaring.kemendikdasmen.go.id/course/view.php?id=443,2,0,Sudah Berjalan,
K-MOODLE-602,LKP-5cee781248,Mahir Video Editing Di Smartphone Menggunakan CapCut,https://kursusdaring.kemendikdasmen.go.id/course/view.php?id=602,2,0,Sudah Berjalan,
K-MOODLE-1376,LKP-20f98727f1,LKP Bina Teknologi,https://kursusdaring.kemendikdasmen.go.id/course/view.php?id=1376,2,0,Sudah Berjalan,
K-MOODLE-512,LKP-2dce8d5121,kursus baru,https://kursusdaring.kemendikdasmen.go.id/course/view.php?id=512,2,0,Sudah Berjalan,
K-MOODLE-1869,LKP-71e70c04b4,Kursus Komputer LKP Pusate Komputer,https://kursusdaring.kemendikdasmen.go.id/course/view.php?id=1869,2,0,Sudah Berjalan,
K-MOODLE-1063,LKP-50a599b0ee,PELATIHAN KECANTIKAN KULIT (MANICURE = PERAWATAN TANGAN),https://kursusdaring.kemendikdasmen.go.id/course/view.php?id=1063,2,0,Sudah Berjalan,
K-MOODLE-415,LKP-50a599b0ee,Kursus Tata Kecantikan Kulit,https://kursusdaring.kemendikdasmen.go.id/course/view.php?id=415,2,0,Sudah Berjalan,
K-MOODLE-1380,LKP-644e9463c3,LKP MELATI Menjahit,https://kursusdaring.kemendikdasmen.go.id/course/view.php?id=1380,2,0,Sudah Berjalan,
K-MOODLE-425,LKP-644e9463c3,Kursus Tata Rias Pengantin Gaun Panjang,https://kursusdaring.kemendikdasmen.go.id/course/view.php?id=425,2,0,Sudah Berjalan,
K-MOODLE-878,LKP-19917d7213,kursusbaru,https://kursusdaring.kemendikdasmen.go.id/course/view.php?id=878,2,0,Sudah Berjalan,
K-MOODLE-889,LKP-19917d7213,Mengoperasikan dan Mengolah Kata  Untuk Operator Komputer,https://kursusdaring.kemendikdasmen.go.id/course/view.php?id=889,1,0,Sudah Berjalan,
K-MOODLE-572,LKP-2669f4b4b6,kursus baru,https://kursusdaring.kemendikdasmen.go.id/course/view.php?id=572,2,0,Sudah Berjalan,
K-MOODLE-511,LKP-f6d78be758,kursus baru,https://kursusdaring.kemendikdasmen.go.id/course/view.php?id=511,2,0,Sudah Berjalan,
K-MOODLE-577,LKP-744ab49023,kursus baru,https://kursusdaring.kemendikdasmen.go.id/course/view.php?id=577,2,0,Sudah Berjalan,
K-MOODLE-338,LKP-a3ff803d0b,TEKNISI AKUNTANSI YUNIOR,https://kursusdaring.kemendikdasmen.go.id/course/view.php?id=338,1,0,Sudah Berjalan,
K-MOODLE-713,LKP-a1c0fe7d2d,kursus baru,https://kursusdaring.kemendikdasmen.go.id/course/view.php?id=713,2,0,Sudah Berjalan,
K-MOODLE-1379,LKP-4c24e20b55,LKP INDONESIAN HYPNOSIS CENTRE (IHC),https://kursusdaring.kemendikdasmen.go.id/course/view.php?id=1379,1,0,Sudah Berjalan,
K-MOODLE-495,LKP-934e82e230,kursus baru,https://kursusdaring.kemendikdasmen.go.id/course/view.php?id=495,2,0,Sudah Berjalan,
K-MOODLE-560,LKP-a57c91025a,kursus baru,https://kursusdaring.kemendikdasmen.go.id/course/view.php?id=560,1,0,Sudah Berjalan,
K-MOODLE-1383,LKP-4d01433e96,Tata Boga Royal Asia College,https://kursusdaring.kemendikdasmen.go.id/course/view.php?id=1383,2,0,Sudah Berjalan,
K-MOODLE-1384,LKP-26d7bbe06d,Tata kecantikan Kulit LKP YULIZA,https://kursusdaring.kemendikdasmen.go.id/course/view.php?id=1384,2,0,Sudah Berjalan,
K-MOODLE-380,LKP-168c621411,kursus baru,https://kursusdaring.kemendikdasmen.go.id/course/view.php?id=380,1,0,Sudah Berjalan,
K-MOODLE-1268,LKP-c099039b1f,Menghasilkan Desain Produk Usaha bagi Perancang Produk Industri,https://kursusdaring.kemendikdasmen.go.id/course/view.php?id=1268,2,0,Sudah Berjalan,
K-MOODLE-687,LKP-c099039b1f,Mengelola Laporan Keuangan bagi Juru Tata Usaha Akuntansi,https://kursusdaring.kemendikdasmen.go.id/course/view.php?id=687,3,0,Sudah Berjalan,
K-MOODLE-2032,LKP-dfa37d65c2,"Pembuatan korsase, LKP Azzahra Jember",https://kursusdaring.kemendikdasmen.go.id/course/view.php?id=2032,2,0,Sudah Berjalan,
K-MOODLE-797,LKP-07ec57b070,kursus baru,https://kursusdaring.kemendikdasmen.go.id/course/view.php?id=797,2,0,Sudah Berjalan,
K-MOODLE-2035,LKP-f71c27c542,Tata Busana Merachel Design Academy,https://kursusdaring.kemendikdasmen.go.id/course/view.php?id=2035,1,0,Sudah Berjalan,
K-MOODLE-1065,LKP-f0d5b90f73,Skill Menjadi Housekeeping Handal Independent Cruise Ships and Hotel School,https://kursusdaring.kemendikdasmen.go.id/course/view.php?id=1065,1,0,Sudah Berjalan,
K-MOODLE-501,LKP-f0d5b90f73,Microsoft Office Word untuk Admin Hotel Independent Cruise Ships and Hotel School,https://kursusdaring.kemendikdasmen.go.id/course/view.php?id=501,2,0,Sudah Berjalan,
K-MOODLE-789,LKP-f34c77e43a,kursus baru,https://kursusdaring.kemendikdasmen.go.id/course/view.php?id=789,2,0,Sudah Berjalan,
K-MOODLE-371,LKP-afd14bb2c2,kursus baru,https://kursusdaring.kemendikdasmen.go.id/course/view.php?id=371,1,0,Sudah Berjalan,
K-MOODLE-544,LKP-41bc1a4ccc,kursus baru,https://kursusdaring.kemendikdasmen.go.id/course/view.php?id=544,2,0,Sudah Berjalan,
K-MOODLE-2276,LKP-5f34de5e94,Dari Nol Jadi Siap Kerja! Kuasai Microsoft Office untuk Dunia Kerja dan Bisnis,https://kursusdaring.kemendikdasmen.go.id/course/view.php?id=2276,2,0,Sudah Berjalan,
K-MOODLE-741,LKP-5703137d14,Sukses UKK TKJ,https://kursusdaring.kemendikdasmen.go.id/course/view.php?id=741,3,0,Sudah Berjalan,
K-MOODLE-622,LKP-797f4040f2,kursus baru,https://kursusdaring.kemendikdasmen.go.id/course/view.php?id=622,2,0,Sudah Berjalan,
K-MOODLE-2111,LKP-a89e8b27e1,Kelas Intensif TKA SMA  Kelas Sore Academy,https://kursusdaring.kemendikdasmen.go.id/course/view.php?id=2111,2,0,Sudah Berjalan,
K-MOODLE-428,LKP-b6305a3a63,kursus baru,https://kursusdaring.kemendikdasmen.go.id/course/view.php?id=428,2,0,Sudah Berjalan,
K-MOODLE-523,LKP-745803c291,BARISTA,https://kursusdaring.kemendikdasmen.go.id/course/view.php?id=523,2,0,Sudah Berjalan,
K-MOODLE-799,LKP-b381acaeb3,kursus baru,https://kursusdaring.kemendikdasmen.go.id/course/view.php?id=799,1,0,Sudah Berjalan,
K-MOODLE-607,LKP-29f138e483,kursus baru,https://kursusdaring.kemendikdasmen.go.id/course/view.php?id=607,1,0,Sudah Berjalan,
K-MOODLE-686,LKP-fcb83b6f1b,kursus baru,https://kursusdaring.kemendikdasmen.go.id/course/view.php?id=686,1,0,Sudah Berjalan,
K-MOODLE-585,LKP-647a002dc9,kursus baru,https://kursusdaring.kemendikdasmen.go.id/course/view.php?id=585,2,0,Sudah Berjalan,
K-MOODLE-578,LKP-268683c6c7,kursus baru,https://kursusdaring.kemendikdasmen.go.id/course/view.php?id=578,2,0,Sudah Berjalan,
K-MOODLE-2264,LKP-bff34a41b6,ENGLISH FOR SURVIVAL (BASIC 3),https://kursusdaring.kemendikdasmen.go.id/course/view.php?id=2264,2,0,Sudah Berjalan,
K-MOODLE-599,LKP-8d5fa73610,kursus baru,https://kursusdaring.kemendikdasmen.go.id/course/view.php?id=599,2,0,Sudah Berjalan,
K-MOODLE-702,LKP-f7d5e56b3e,kursus baru,https://kursusdaring.kemendikdasmen.go.id/course/view.php?id=702,2,0,Sudah Berjalan,
K-MOODLE-363,LKP-a6fd2bbb7c,Bahasa Korea EPS-TOPIK,https://kursusdaring.kemendikdasmen.go.id/course/view.php?id=363,2,0,Sudah Berjalan,
K-MOODLE-598,LKP-d11761c12e,Tata Kecantikan Kulit,https://kursusdaring.kemendikdasmen.go.id/course/view.php?id=598,2,0,Sudah Berjalan,
K-MOODLE-350,LKP-8953c9bdb8,kursus baru,https://kursusdaring.kemendikdasmen.go.id/course/view.php?id=350,2,0,Sudah Berjalan,
K-MOODLE-369,LKP-81fb4d4e7d,"Kursus Komputer Aplikasi Perkantoran (Word, Excel, Power Point)",https://kursusdaring.kemendikdasmen.go.id/course/view.php?id=369,2,0,Sudah Berjalan,
K-MOODLE-403,LKP-c655705bcb,MIXOLOGI MINUMAN CAFE,https://kursusdaring.kemendikdasmen.go.id/course/view.php?id=403,2,0,Sudah Berjalan,
K-MOODLE-1054,LKP-31ae3c77b1,kursusbaru2,https://kursusdaring.kemendikdasmen.go.id/course/view.php?id=1054,2,0,Sudah Berjalan,
K-MOODLE-1055,LKP-31ae3c77b1,Belajar Teknik Memotong Rambut Untuk Memulai Bisnis Salon Rumahan,https://kursusdaring.kemendikdasmen.go.id/course/view.php?id=1055,3,0,Sudah Berjalan,
K-MOODLE-1056,LKP-31ae3c77b1,Menata Rambut Untuk Bisnis Rumahan,https://kursusdaring.kemendikdasmen.go.id/course/view.php?id=1056,6,0,Sudah Berjalan,
K-MOODLE-1057,LKP-31ae3c77b1,TATA RIAS PENGANTIN SOLO PUTRI,https://kursusdaring.kemendikdasmen.go.id/course/view.php?id=1057,2,0,Sudah Berjalan,
K-MOODLE-642,LKP-31ae3c77b1,BELAJAR MASSAGE UNTUK MENJADI TERAPIS,https://kursusdaring.kemendikdasmen.go.id/course/view.php?id=642,5,0,Sudah Berjalan,
K-MOODLE-1749,LKP-1cd99ad50d,Kelas TOEFL Preparation dan Bonus TOEFL Prediction,https://kursusdaring.kemendikdasmen.go.id/course/view.php?id=1749,3,0,Sudah Berjalan,
K-MOODLE-2128,LKP-c84cf5c40a,Tata Busana Menjahit Garmen,https://kursusdaring.kemendikdasmen.go.id/course/view.php?id=2128,2,0,Sudah Berjalan,
K-MOODLE-825,LKP-3540650f67,kursus baru,https://kursusdaring.kemendikdasmen.go.id/course/view.php?id=825,1,0,Sudah Berjalan,
K-MOODLE-771,LKP-d2b984ff3a,kursus baru,https://kursusdaring.kemendikdasmen.go.id/course/view.php?id=771,2,0,Sudah Berjalan,
K-MOODLE-562,LKP-6460e14029,kursus baru,https://kursusdaring.kemendikdasmen.go.id/course/view.php?id=562,2,0,Sudah Berjalan,
K-MOODLE-1071,LKP-7d958e318a,Kursus Baru,https://kursusdaring.kemendikdasmen.go.id/course/view.php?id=1071,2,0,Sudah Berjalan,
K-MOODLE-333,LKP-7d958e318a,Teknik Menggunting Rambut,https://kursusdaring.kemendikdasmen.go.id/course/view.php?id=333,32,0,Sudah Berjalan,
K-MOODLE-745,LKP-99e1bcbe97,Public Speaking,https://kursusdaring.kemendikdasmen.go.id/course/view.php?id=745,2,0,Sudah Berjalan,
K-MOODLE-510,LKP-0d237c822c,kursus baru,https://kursusdaring.kemendikdasmen.go.id/course/view.php?id=510,2,0,Sudah Berjalan,
K-MOODLE-827,LKP-cc0f5e2dc2,kursus baru,https://kursusdaring.kemendikdasmen.go.id/course/view.php?id=827,2,0,Sudah Berjalan,
K-MOODLE-2116,LKP-bb3059c50b,Pengelasan 1G SMAW  LKP PENGELASAN SUMBU HIDUP,https://kursusdaring.kemendikdasmen.go.id/course/view.php?id=2116,2,0,Sudah Berjalan,
K-MOODLE-663,LKP-062db58bcd,kursus baru,https://kursusdaring.kemendikdasmen.go.id/course/view.php?id=663,2,0,Sudah Berjalan,
K-MOODLE-2031,LKP-d3db94275f,"Tata Hidangan / Food & Beverages Service, OTC Bali Gianyar",https://kursusdaring.kemendikdasmen.go.id/course/view.php?id=2031,2,0,Sudah Berjalan,
K-MOODLE-518,LKP-d9ba7fd450,Self Introduction,https://kursusdaring.kemendikdasmen.go.id/course/view.php?id=518,1,0,Sudah Berjalan,
K-MOODLE-2024,LKP-5e22ed42b3,Grammar THE FAMILY COURSE (TFC ),https://kursusdaring.kemendikdasmen.go.id/course/view.php?id=2024,1,0,Sudah Berjalan,
K-MOODLE-606,LKP-718ebd7892,kursus baru,https://kursusdaring.kemendikdasmen.go.id/course/view.php?id=606,3,0,Sudah Berjalan,
K-MOODLE-2284,LKP-cf855a89fb,TEKNIK DASAR FOTOGRAFI,https://kursusdaring.kemendikdasmen.go.id/course/view.php?id=2284,1,0,Sudah Berjalan,
K-MOODLE-491,LKP-cf855a89fb,ENGLISH COURSE,https://kursusdaring.kemendikdasmen.go.id/course/view.php?id=491,3,0,Sudah Berjalan,
K-MOODLE-679,LKP-209eac66a2,Kursus Administrasi Perkantoran dan Bisnis dengan Microsoft Office Dasar,https://kursusdaring.kemendikdasmen.go.id/course/view.php?id=679,2,0,Sudah Berjalan,
K-MOODLE-378,LKP-623c17c022,kursus baru,https://kursusdaring.kemendikdasmen.go.id/course/view.php?id=378,2,0,Sudah Berjalan,
K-MOODLE-484,LKP-e1ffb09889,kursus baru,https://kursusdaring.kemendikdasmen.go.id/course/view.php?id=484,2,0,Sudah Berjalan,
K-MOODLE-516,LKP-a7ec086aba,kursus baru,https://kursusdaring.kemendikdasmen.go.id/course/view.php?id=516,2,0,Sudah Berjalan,
K-MOODLE-658,LKP-21030f33f4,kursus baru,https://kursusdaring.kemendikdasmen.go.id/course/view.php?id=658,2,0,Sudah Berjalan,
K-MOODLE-1374,LKP-f67e0c5392,LKP Hanlog Collection Tata Busana,https://kursusdaring.kemendikdasmen.go.id/course/view.php?id=1374,2,0,Sudah Berjalan,
K-MOODLE-2018,LKP-f67e0c5392,Tata Busana LKP HANLOG COLLECTION,https://kursusdaring.kemendikdasmen.go.id/course/view.php?id=2018,2,0,Sudah Berjalan,
K-MOODLE-1058,LKP-8d73772dfc,Aplikasi Perkantoran Microsoft Office Untuk Pegawai Kantor Umum,https://kursusdaring.kemendikdasmen.go.id/course/view.php?id=1058,6,0,Sudah Berjalan,
K-MOODLE-1095,LKP-8d73772dfc,Desain Grafis Junior,https://kursusdaring.kemendikdasmen.go.id/course/view.php?id=1095,2,0,Sudah Berjalan,
K-MOODLE-2094,LKP-8d73772dfc,Menciptakan Desain Logo,https://kursusdaring.kemendikdasmen.go.id/course/view.php?id=2094,1,0,Sudah Berjalan,
K-MOODLE-377,LKP-b5c74c1f08,kursus baru,https://kursusdaring.kemendikdasmen.go.id/course/view.php?id=377,2,0,Sudah Berjalan,
K-MOODLE-515,LKP-8d1b041923,kursus baru,https://kursusdaring.kemendikdasmen.go.id/course/view.php?id=515,2,0,Sudah Berjalan,
K-MOODLE-665,LKP-39dc6be2fc,Pelatihan Pijat Refleksi,https://kursusdaring.kemendikdasmen.go.id/course/view.php?id=665,2,0,Sudah Berjalan,
K-MOODLE-877,LKP-d6aa34c355,kursus baru,https://kursusdaring.kemendikdasmen.go.id/course/view.php?id=877,2,0,Sudah Berjalan,
K-MOODLE-2124,LKP-7425eff3e0,Menjahit Garment LKP Alby's Tailor Center,https://kursusdaring.kemendikdasmen.go.id/course/view.php?id=2124,2,0,Sudah Berjalan,
K-MOODLE-755,LKP-16b195dd97,kursus baru,https://kursusdaring.kemendikdasmen.go.id/course/view.php?id=755,1,0,Sudah Berjalan,
K-MOODLE-620,LKP-0636a6e322,Komputer Aplikasi Perkantoran,https://kursusdaring.kemendikdasmen.go.id/course/view.php?id=620,2,0,Sudah Berjalan,
K-MOODLE-672,LKP-10ab0834c4,kursus baru,https://kursusdaring.kemendikdasmen.go.id/course/view.php?id=672,2,0,Sudah Berjalan,
K-MOODLE-2275,LKP-f1c78409b5,"""Dari Nol ke Siap Kerja! Kemampuan Komputer Administrasi Perkantoran""",https://kursusdaring.kemendikdasmen.go.id/course/view.php?id=2275,3,0,Sudah Berjalan,
K-MOODLE-348,LKP-4d46f98780,kursus baru,https://kursusdaring.kemendikdasmen.go.id/course/view.php?id=348,2,0,Sudah Berjalan,
K-MOODLE-478,LKP-57cd4fbd00,kursus baru,https://kursusdaring.kemendikdasmen.go.id/course/view.php?id=478,2,0,Sudah Berjalan,
K-MOODLE-744,LKP-882c1c813e,kursus baru,https://kursusdaring.kemendikdasmen.go.id/course/view.php?id=744,1,0,Sudah Berjalan,
K-MOODLE-2123,LKP-fd10d2e1ab,Tata Busana LKP PUTRA MANDIRI,https://kursusdaring.kemendikdasmen.go.id/course/view.php?id=2123,1,0,Sudah Berjalan,
K-MOODLE-559,LKP-b9491f7016,kursus baru,https://kursusdaring.kemendikdasmen.go.id/course/view.php?id=559,1,0,Sudah Berjalan,
K-MOODLE-701,LKP-183b255875,Aplikasi Perkantoran,https://kursusdaring.kemendikdasmen.go.id/course/view.php?id=701,2,0,Sudah Berjalan,
K-MOODLE-754,LKP-846532d065,INDUSTRI SABLON,https://kursusdaring.kemendikdasmen.go.id/course/view.php?id=754,2,0,Sudah Berjalan,
K-MOODLE-746,LKP-a7dc12a5d4,kursus baru,https://kursusdaring.kemendikdasmen.go.id/course/view.php?id=746,1,0,Sudah Berjalan,
K-MOODLE-487,LKP-82eeb36e25,kursus baru,https://kursusdaring.kemendikdasmen.go.id/course/view.php?id=487,2,0,Sudah Berjalan,
K-MOODLE-647,LKP-bd68b858ae,kursus baru,https://kursusdaring.kemendikdasmen.go.id/course/view.php?id=647,2,0,Sudah Berjalan,
K-MOODLE-508,LKP-d63d6ac289,kursus baru,https://kursusdaring.kemendikdasmen.go.id/course/view.php?id=508,2,0,Sudah Berjalan,
K-MOODLE-1251,LKP-7fd335531b,IT & Multi Media LKP Creative Media,https://kursusdaring.kemendikdasmen.go.id/course/view.php?id=1251,2,0,Sudah Berjalan,
K-MOODLE-729,LKP-ca6ccbb68d,dadad,https://kursusdaring.kemendikdasmen.go.id/course/view.php?id=729,2,0,Sudah Berjalan,
K-MOODLE-730,LKP-ca6ccbb68d,Kursus Administrasi Perkantoran dan Bisnis,https://kursusdaring.kemendikdasmen.go.id/course/view.php?id=730,10,0,Sudah Berjalan,
K-MOODLE-628,LKP-0198e3cd45,Kursus Tata Rias Pengantin Sasak Baku,https://kursusdaring.kemendikdasmen.go.id/course/view.php?id=628,2,0,Sudah Berjalan,
K-MOODLE-454,LKP-f620d7c362,Lembaga Kursus & Pelatihan,https://kursusdaring.kemendikdasmen.go.id/course/view.php?id=454,1,0,Sudah Berjalan,
K-MOODLE-464,LKP-9e094a7508,Pelatihan Dasar Make Up Artist (MUA),https://kursusdaring.kemendikdasmen.go.id/course/view.php?id=464,2,0,Sudah Berjalan,
K-MOODLE-820,LKP-f53ed68848,kursus baru,https://kursusdaring.kemendikdasmen.go.id/course/view.php?id=820,2,0,Sudah Berjalan,
K-MOODLE-522,LKP-fdc0c508eb,Pengantar Hukum Pajak (PHP) & Ketentuan Umum dan Tata Cara Perpajakan (KUP),https://kursusdaring.kemendikdasmen.go.id/course/view.php?id=522,3,0,Sudah Berjalan,
K-MOODLE-848,LKP-fdc0c508eb,kursusbaru,https://kursusdaring.kemendikdasmen.go.id/course/view.php?id=848,2,0,Sudah Berjalan,
K-MOODLE-2087,LKP-5c452f039a,"Pengoperasian komputer dan desain grafis, Elang Muda",https://kursusdaring.kemendikdasmen.go.id/course/view.php?id=2087,3,0,Sudah Berjalan,
K-MOODLE-791,LKP-bac9642b2c,kursus baru,https://kursusdaring.kemendikdasmen.go.id/course/view.php?id=791,2,0,Sudah Berjalan,
K-MOODLE-591,LKP-7d0554728d,kursus baru,https://kursusdaring.kemendikdasmen.go.id/course/view.php?id=591,2,0,Sudah Berjalan,
K-MOODLE-394,LKP-dcc2d3c452,Public Speaking School,https://kursusdaring.kemendikdasmen.go.id/course/view.php?id=394,3,0,Sudah Berjalan,
K-MOODLE-335,LKP-d23a17874e,kursus baru,https://kursusdaring.kemendikdasmen.go.id/course/view.php?id=335,2,0,Sudah Berjalan,
K-MOODLE-1035,LKP-4382c0267d,MICROSOFT OFFICE UNTUK PEMULA - LKP Zhafira Insan Gemilang,https://kursusdaring.kemendikdasmen.go.id/course/view.php?id=1035,2,0,Sudah Berjalan,
K-MOODLE-1036,LKP-4382c0267d,kursusbaru-02 - LKP Zhafira Insan Gemilang,https://kursusdaring.kemendikdasmen.go.id/course/view.php?id=1036,3,0,Sudah Berjalan,
K-MOODLE-1037,LKP-4382c0267d,kursusbaru-03 - LKP Zhafira Insan Gemilang,https://kursusdaring.kemendikdasmen.go.id/course/view.php?id=1037,2,0,Sudah Berjalan,
K-MOODLE-524,LKP-3cd259031a,Rias Pengantin,https://kursusdaring.kemendikdasmen.go.id/course/view.php?id=524,2,0,Sudah Berjalan,
K-MOODLE-481,LKP-55edf3a719,kursus baru,https://kursusdaring.kemendikdasmen.go.id/course/view.php?id=481,3,0,Sudah Berjalan,
K-MOODLE-2212,LKP-fb396e1595,Tata Rias Pengantin LKP YOI MANDIRI,https://kursusdaring.kemendikdasmen.go.id/course/view.php?id=2212,1,0,Sudah Berjalan,
K-MOODLE-692,LKP-792c96ec8a,kursus baru,https://kursusdaring.kemendikdasmen.go.id/course/view.php?id=692,2,0,Sudah Berjalan,
K-MOODLE-367,LKP-385d9cab16,kursus baru,https://kursusdaring.kemendikdasmen.go.id/course/view.php?id=367,2,0,Sudah Berjalan,
K-MOODLE-440,LKP-65778eea10,Reservation & Ticketing,https://kursusdaring.kemendikdasmen.go.id/course/view.php?id=440,2,0,Sudah Berjalan,
K-MOODLE-2119,LKP-76613b27d3,Persiapan Karier Pramugari/a Berstandar Industri,https://kursusdaring.kemendikdasmen.go.id/course/view.php?id=2119,2,0,Sudah Berjalan,
K-MOODLE-695,LKP-2f9eaf26e8,kursus baru,https://kursusdaring.kemendikdasmen.go.id/course/view.php?id=695,2,0,Sudah Berjalan,
K-MOODLE-762,LKP-d5b4e58720,kursus baru,https://kursusdaring.kemendikdasmen.go.id/course/view.php?id=762,1,0,Sudah Berjalan,
K-MOODLE-1253,LKP-75a41c03cc,Pekarya Kesehatan LKP Padjadjaran Mitra Education Center (PARAMETER),https://kursusdaring.kemendikdasmen.go.id/course/view.php?id=1253,2,0,Sudah Berjalan,
K-MOODLE-532,LKP-666b38c0d8,kursus baru,https://kursusdaring.kemendikdasmen.go.id/course/view.php?id=532,2,0,Sudah Berjalan,
K-MOODLE-1640,LKP-f716cd515f,Teknik Dasar Makeup LKP EXOTIC,https://kursusdaring.kemendikdasmen.go.id/course/view.php?id=1640,3,0,Sudah Berjalan,
K-MOODLE-432,LKP-b05678d8fc,LKP GO SMART,https://kursusdaring.kemendikdasmen.go.id/course/view.php?id=432,2,0,Sudah Berjalan,
K-MOODLE-2266,LKP-c6a7f2b3b9,Kursus Daring Baby Sitter Profesional,https://kursusdaring.kemendikdasmen.go.id/course/view.php?id=2266,2,0,Sudah Berjalan,
K-MOODLE-354,LKP-43fa84a37d,kursus baru,https://kursusdaring.kemendikdasmen.go.id/course/view.php?id=354,2,0,Sudah Berjalan,
K-MOODLE-674,LKP-9840686706,"Kursus Praktis Penanganan Perilaku, Sensorik, dan Akademik ABK",https://kursusdaring.kemendikdasmen.go.id/course/view.php?id=674,1,0,Sudah Berjalan,
K-MOODLE-567,LKP-6ce0fa18f6,Kursus Belajar Pengelolaan Data Menggunakan Microsoft Excel,https://kursusdaring.kemendikdasmen.go.id/course/view.php?id=567,1,0,Sudah Berjalan,
K-MOODLE-750,LKP-6ce0fa18f6,Kelas Online Desain Grafis Menggunakan CorelDraw Dari Dasar Hingga Berwirausaha,https://kursusdaring.kemendikdasmen.go.id/course/view.php?id=750,1,0,Sudah Berjalan,
K-MOODLE-2126,LKP-31752f047e,MENGGUNAKAN MICROSOFT WORD UNTUK PETUGAS DATA ENTRY,https://kursusdaring.kemendikdasmen.go.id/course/view.php?id=2126,2,0,Sudah Berjalan,
K-MOODLE-2104,LKP-789cbcc0c4,Belajar Bahasa Jepang Tingkat Dasar,https://kursusdaring.kemendikdasmen.go.id/course/view.php?id=2104,2,0,Sudah Berjalan,
K-MOODLE-605,LKP-789cbcc0c4,Pemasaran Digital Untuk Wirausaha Pemula,https://kursusdaring.kemendikdasmen.go.id/course/view.php?id=605,2,0,Sudah Berjalan,
K-MOODLE-2262,LKP-d5905f22ca,Mengoperasikan Aplikasi Komputer Tingkat Dasar,https://kursusdaring.kemendikdasmen.go.id/course/view.php?id=2262,2,0,Sudah Berjalan,
K-MOODLE-803,LKP-a06e1c1374,Makeup Artist Untuk Pemula,https://kursusdaring.kemendikdasmen.go.id/course/view.php?id=803,2,0,Sudah Berjalan,
K-MOODLE-824,LKP-2e4fb1a72d,kursus baru,https://kursusdaring.kemendikdasmen.go.id/course/view.php?id=824,1,0,Sudah Berjalan,
K-MOODLE-747,LKP-9c144bf262,kursus baru,https://kursusdaring.kemendikdasmen.go.id/course/view.php?id=747,2,0,Sudah Berjalan,
K-MOODLE-1634,LKP-6bfdff15d0,Basic Mecanic Courses  EDUTRAIN,https://kursusdaring.kemendikdasmen.go.id/course/view.php?id=1634,1,0,Sudah Berjalan,
K-MOODLE-766,LKP-b40a987541,kursus baru,https://kursusdaring.kemendikdasmen.go.id/course/view.php?id=766,2,0,Sudah Berjalan,
K-MOODLE-1233,LKP-29829d7331,LKP AURA  NUR,https://kursusdaring.kemendikdasmen.go.id/course/view.php?id=1233,2,0,Sudah Berjalan,
K-MOODLE-2017,LKP-380983a66f,Tata Kecantikan Rambut Level II dan III LKP Artha,https://kursusdaring.kemendikdasmen.go.id/course/view.php?id=2017,2,0,Sudah Berjalan,
K-MOODLE-2082,LKP-64b605b802,Komputer Dasar (Literasi Digital Dasar),https://kursusdaring.kemendikdasmen.go.id/course/view.php?id=2082,3,0,Sudah Berjalan,
K-MOODLE-2083,LKP-64b605b802,Microsoft Word untuk Kebutuhan Perkantoran,https://kursusdaring.kemendikdasmen.go.id/course/view.php?id=2083,2,0,Sudah Berjalan,
K-MOODLE-2084,LKP-64b605b802,Microsoft Excel untuk Pengolahan Data Perkantoran,https://kursusdaring.kemendikdasmen.go.id/course/view.php?id=2084,2,0,Sudah Berjalan,
K-MOODLE-2085,LKP-64b605b802,Microsoft PowerPoint untuk Presentasi,https://kursusdaring.kemendikdasmen.go.id/course/view.php?id=2085,2,0,Sudah Berjalan,
K-MOODLE-2086,LKP-64b605b802,Aplikasi Perkantoran Terpadu (Microsoft Office),https://kursusdaring.kemendikdasmen.go.id/course/view.php?id=2086,2,0,Sudah Berjalan,
K-MOODLE-2279,LKP-c328a2a6a1,Aplikasi Perkantoran Pemula,https://kursusdaring.kemendikdasmen.go.id/course/view.php?id=2279,2,0,Sudah Berjalan,
K-MOODLE-1047,LKP-ddeb0d2f66,Pengantar Perhotelan,https://kursusdaring.kemendikdasmen.go.id/course/view.php?id=1047,15,0,Sudah Berjalan,
K-MOODLE-1248,LKP-ddeb0d2f66,Customer Service Excellence,https://kursusdaring.kemendikdasmen.go.id/course/view.php?id=1248,6,0,Sudah Berjalan,
K-MOODLE-1611,LKP-ddeb0d2f66,Front Desk Operations,https://kursusdaring.kemendikdasmen.go.id/course/view.php?id=1611,4,0,Sudah Berjalan,
K-MOODLE-2036,LKP-ddeb0d2f66,Etika Bisnis dan Profesionalisme,https://kursusdaring.kemendikdasmen.go.id/course/view.php?id=2036,2,0,Sudah Berjalan,
K-MOODLE-846,LKP-ddeb0d2f66,Manajemen Reservasi,https://kursusdaring.kemendikdasmen.go.id/course/view.php?id=846,20,0,Sudah Berjalan,
K-MOODLE-2059,LKP-36de4a1259,Training of Trainer (ToT) - KKNI Level 4,https://kursusdaring.kemendikdasmen.go.id/course/view.php?id=2059,2,0,Sudah Berjalan,
K-MOODLE-2271,LKP-36de4a1259,Keamanan Pangan berbasis HACCP,https://kursusdaring.kemendikdasmen.go.id/course/view.php?id=2271,2,0,Sudah Berjalan,
K-MOODLE-2269,LKP-b722894d55,OPTIMALISASI  PENGELOLAAN PEMASARAN MELALUI MEDIA SOSIAL,https://kursusdaring.kemendikdasmen.go.id/course/view.php?id=2269,2,0,Sudah Berjalan,
K-MOODLE-2038,LKP-63ea5f6243,Kursus Microsoft Excel,https://kursusdaring.kemendikdasmen.go.id/course/view.php?id=2038,5,0,Sudah Berjalan,
K-MOODLE-2039,LKP-63ea5f6243,Digital Marketing for Industry & Business,https://kursusdaring.kemendikdasmen.go.id/course/view.php?id=2039,23,0,Sudah Berjalan,
K-MOODLE-852,LKP-63ea5f6243,Kursus Microsoft Office Profesional,https://kursusdaring.kemendikdasmen.go.id/course/view.php?id=852,25,0,Sudah Berjalan,
K-MOODLE-2088,LKP-61a5e21be7,AI GENERATIF FOR SUPPORT BUSINESS,https://kursusdaring.kemendikdasmen.go.id/course/view.php?id=2088,2,0,Sudah Berjalan,
K-MOODLE-1044,LKP-d46d231a84,Kursus Bahasa Jepang N5 - LKP ENTER,https://kursusdaring.kemendikdasmen.go.id/course/view.php?id=1044,2,0,Sudah Berjalan,
K-MOODLE-1382,LKP-894c879cd1,PELATIHAN TATA BOGA-PASTRY BAKERY,https://kursusdaring.kemendikdasmen.go.id/course/view.php?id=1382,2,0,Sudah Berjalan,
K-MOODLE-1265,LKP-aaf5d869c0,Mekanik Sepeda Motor LKP AL HIMMAH,https://kursusdaring.kemendikdasmen.go.id/course/view.php?id=1265,2,0,Sudah Berjalan,
K-MOODLE-836,LKP-35fd3faef5,kursus baru,https://kursusdaring.kemendikdasmen.go.id/course/view.php?id=836,2,0,Sudah Berjalan,
K-MOODLE-1039,LKP-a4aa40c01d,kursusbaru,https://kursusdaring.kemendikdasmen.go.id/course/view.php?id=1039,1,0,Sudah Berjalan,
K-MOODLE-2278,LKP-40c866ea8a,Pengobatan Tradisional Tiongkok,https://kursusdaring.kemendikdasmen.go.id/course/view.php?id=2278,1,0,Sudah Berjalan,
K-MOODLE-698,LKP-356295cd38,Kewirausahaan,https://kursusdaring.kemendikdasmen.go.id/course/view.php?id=698,2,0,Sudah Berjalan,
K-MOODLE-2273,LKP-c25d6dd7a0,Kursus Robotic Basic 3,https://kursusdaring.kemendikdasmen.go.id/course/view.php?id=2273,2,0,Sudah Berjalan,
K-MOODLE-2060,LKP-534ad76bef,Pelatihan dan Sertifikasi BNSP Barista,https://kursusdaring.kemendikdasmen.go.id/course/view.php?id=2060,2,0,Sudah Berjalan,
K-MOODLE-2062,LKP-f494c09844,Desain Grafis - Tarbiyah,https://kursusdaring.kemendikdasmen.go.id/course/view.php?id=2062,2,0,Sudah Berjalan,
K-MOODLE-2061,LKP-86c1e4279b,Pelatihan dan Sertifikasi BNSP Digital Marketing,https://kursusdaring.kemendikdasmen.go.id/course/view.php?id=2061,3,0,Sudah Berjalan,
K-MOODLE-2110,LKP-86c1e4279b,Desain Grafis Digibos Creative Studio,https://kursusdaring.kemendikdasmen.go.id/course/view.php?id=2110,2,0,Sudah Berjalan,
